playerId,season,팀명,AVG,G,AB,R,H,2B,3B,HR,RBI,SB,BB,HBP,SO,SLG,OBP,PA,TB,CS,SAC,SF,ERA,CG,SHO,W,L,SV,HLD,WPCT,TBF,NP,IP,ER
50105,2025,,,,,,,,,,,,,,,,,,,,,,,,,,,,,,,,,
53103,2025,LG,0.107,22,28,5,3,0,0,0,2,7,3,0,6,0.107,0.194,,,,,,,,,,,,,,,,,
55116,2025,,,,,,,,,,,,,,,,,,,,,,,,,,,,,,,,,
53104,2025,LG,0.298,31,47,11,14,2,0,0,3,2,8,1,5,0.34,0.411,,,,,,,,,,,,,,,,,
69100,2025,LG,0.289,129,336,40,97,16,2,1,38,10,,,,,,390,120,5,12,0,,,,,,,,,,,,
53168,2025,LG,0,8,4,0,0,0,0,0,0,0,0,0,2,0,0,,,,,,,,,,,,,,,,,
77263,2025,LG,,12,,,7,1,0,0,,,,,,,,,,,,,1.46,0,0,1,0,1,4,1,51,182,12 1/3,
66145,2025,LG,0.257,29,,19,26,,,4,,,21,1,15,,,,,,,,5.06,,,3,1,0,3,0.75,,,26 2/3,15
54107,2025,LG,0.286,37,49,12,14,6,0,0,3,3,5,1,13,0.408,0.364,,,,,,,,,,,,,,,,,
67504,2025,LG,0.182,13,11,0,2,0,0,0,1,1,,,,,,13,2,0,0,1,,,,,,,,,,,,
53144,2025,LG,0.214,12,42,7,9,2,0,2,5,2,7,0,12,0.405,0.327,,,,,,,,,,,,,,,,,
52105,2025,LG,0.2,7,5,0,1,0,0,0,1,0,,,,,,5,1,0,0,0,,,,,,,,,,,,
69105,2025,LG,0.29,65,193,28,56,5,0,4,29,0,28,8,37,0.378,0.398,,,,,,,,,,,,,,,,,
50115,2025,LG,0.228,37,57,11,13,1,0,0,2,1,9,1,7,0.246,0.343,,,,,,,,,,,,,,,,,
55167,2025,LG,,64,,,48,13,0,2,,,,,,,,,,,,,2.31,0,0,3,2,1,7,0.6,248,929,58 1/3,
68130,2025,LG,0.302,27,,21,29,,,2,,,20,0,19,,,,,,,,6.48,,,1,0,0,5,1,,,25,18
55129,2025,LG,0.21,16,,31,35,,,7,,,29,2,45,,,,,,,,5.44,,,4,2,0,2,0.667,,,44 2/3,27
64596,2025,LG,,6,,,8,3,0,0,,,,,,,,,,,,,12.46,0,0,0,0,0,0,-,26,108,4 1/3,
68109,2025,LG,0.233,18,,15,17,,,2,,,15,2,10,,,,,,,,6.52,,,1,1,0,1,0.5,,,19 1/3,14
55122,2025,LG,,2,,,2,0,0,2,,,,,,,,,,,,,5.4,0,0,0,0,0,0,-,7,31,1 2/3,
66162,2025,LG,0.2,16,15,3,3,0,0,1,1,0,,,,,,17,6,2,0,0,,,,,,,,,,,,
65411,2025,LG,,1,,,0,0,0,0,,,,,,,,,,,,,27,0,0,0,1,0,0,0,5,23,01월 03일,
62558,2025,LG,1,2,1,1,1,0,0,0,0,0,,,,,,2,1,0,0,0,,,,,,,,,,,,
51104,2025,LG,0.2,3,,5,1,,,0,,,7,1,0,,,,,,,,27,,,0,0,0,0,-,,,1 1/3,4
75867,2025,LG,,76,,,60,6,3,7,,,,,,,,,,,,,3.52,0,0,6,4,1,33,0.6,285,1203,69,
51154,2025,LG,,3,,,9,3,0,2,,,,,,,,,,,,,11.25,0,0,0,0,0,0,-,21,83,4,
76290,2025,LG,0.3,137,473,66,142,24,0,12,89,4,,,,,,541,202,0,0,1,,,,,,,,,,,,
54166,2025,LG,0.4,10,5,3,2,1,0,0,0,0,,,,,,6,3,0,0,0,,,,,,,,,,,,
51103,2025,LG,0.4,3,,9,6,,,0,,,5,1,3,,,,,,,,18,,,0,1,0,0,0,,,3,6
69102,2025,LG,0.279,138,506,91,141,21,1,24,108,3,,,,,,598,236,1,0,9,,,,,,,,,,,,
68119,2025,LG,0.31,132,464,57,144,20,2,3,70,4,,,,,,531,177,3,0,9,,,,,,,,,,,,
52121,2025,LG,0.167,21,30,5,5,0,0,2,4,0,,,,,,33,11,0,0,0,,,,,,,,,,,,
54123,2025,LG,0.143,7,14,4,2,1,0,0,0,0,0,2,6,0.214,0.25,,,,,,,,,,,,,,,,,
55164,2025,LG,0.269,38,52,12,14,2,0,2,13,0,,,,,,57,22,0,0,1,,,,,,,,,,,,
79365,2025,LG,0.255,136,444,57,113,25,0,22,75,4,,,,,,514,204,0,3,5,,,,,,,,,,,,
53139,2025,LG,,44,,,36,5,1,5,,,,,,,,,,,,,4.89,0,0,3,4,4,10,0.429,168,638,38 2/3,
51112,2025,LG,0.154,13,26,2,4,2,0,0,2,0,2,1,4,0.231,0.241,,,,,,,,,,,,,,,,,
55121,2025,LG,,2,,,0,0,0,0,,,,,,,,,,,,,13.5,0,0,0,0,0,0,-,9,35,1 1/3,
62415,2025,LG,0.28,141,435,79,122,18,2,3,43,49,,,,,,535,153,14,21,4,,,,,,,,,,,,
63145,2025,LG,,14,,,9,4,0,1,,,,,,,,,,,,,5.54,0,0,0,0,0,1,-,56,234,13,
68096,2025,LG,0.186,17,,11,8,,,0,,,11,2,18,,,,,,,,6,,,0,0,0,3,-,,,12,8
65109,2025,LG,,32,,,27,2,1,2,,,,,,,,,,,,,3.99,0,0,1,0,0,2,1,143,572,29 1/3,
55160,2025,LG,0.282,64,170,30,48,16,1,7,38,2,19,4,48,0.512,0.364,,,,,,,,,,,,,,,,,
68159,2025,LG,,12,,,10,0,0,2,,,,,,,,,,,,,9,0,0,0,0,0,0,-,45,201,9,
55118,2025,,,,,,,,,,,,,,,,,,,,,,,,,,,,,,,,,
54156,2025,LG,0.2,9,15,3,3,0,0,0,1,1,,,,,,16,3,0,0,0,,,,,,,,,,,,
67143,2025,LG,,29,,,150,20,2,8,,,,,,,,,,,,,3.39,0,0,11,6,0,0,0.647,633,2448,151 1/3,
53105,2025,LG,0,1,2,0,0,0,0,0,0,0,0,0,0,0,0,,,,,,,,,,,,,,,,,
51111,2025,LG,,27,,,142,23,1,14,,,,,,,,,,,,,3.5,0,0,11,5,0,0,0.688,607,2437,139,
68110,2025,LG,0.211,66,147,18,31,9,1,3,20,2,,,,,,166,51,2,1,1,,,,,,,,,,,,
65207,2025,LG,0.314,132,455,87,143,14,7,1,60,15,,,,,,530,174,9,6,4,,,,,,,,,,,,
54108,2025,LG,0.258,37,89,20,23,3,1,0,8,0,15,4,17,0.315,0.389,,,,,,,,,,,,,,,,,
61411,2025,LG,0.267,8,,9,8,,,0,,,12,2,15,,,,,,,,10.57,,,1,0,0,1,1,,,7 2/3,9
55109,2025,LG,0.214,5,,2,3,,,1,,,3,1,3,,,,,,,,4.91,,,0,0,0,0,-,,,3 2/3,2
65115,2025,LG,0,2,3,0,0,0,0,0,0,0,1,0,1,0,0.25,,,,,,,,,,,,,,,,,
52123,2025,LG,0.333,1,,2,1,,,0,,,2,0,0,,,,,,,,27,,,0,0,0,0,-,,,02월 03일,2
52124,2025,LG,0.306,63,183,37,56,12,3,3,33,4,27,0,22,0.454,0.393,,,,,,,,,,,,,,,,,
54119,2025,LG,,14,,,53,14,0,7,,,,,,,,,,,,,4.23,0,0,4,4,0,0,0.5,276,1142,66,
53123,2025,LG,0.317,113,416,81,132,25,1,31,94,3,,,,,,487,252,0,0,10,,,,,,,,,,,,
79109,2025,LG,0.25,124,408,55,102,23,1,15,60,9,,,,,,461,172,7,7,6,,,,,,,,,,,,
51526,2025,LG,,11,,,12,2,0,0,,,,,,,,,,,,,4.66,0,0,0,0,0,0,-,46,180,9 2/3,
55111,2025,LG,0.293,40,75,15,22,5,1,1,15,0,7,2,18,0.427,0.369,,,,,,,,,,,,,,,,,
53101,2025,,,,,,,,,,,,,,,,,,,,,,,,,,,,,,,,,
50106,2025,LG,,38,,,31,7,0,2,,,,,,,,,,,,,2.7,0,0,2,2,21,1,0.5,174,664,40,
51110,2025,LG,0.257,11,,13,26,,,4,,,12,4,24,,,,,,,,4.5,,,1,0,0,0,1,,,26,13
51100,2025,LG,0.208,44,72,12,15,1,1,3,9,1,,,,,,75,27,0,1,1,,,,,,,,,,,,
61145,2025,LG,,23,,,13,2,0,0,,,,,,,,,,,,,1.89,0,0,0,1,0,0,0,86,338,19,
69134,2025,LG,,37,,,31,3,1,3,,,,,,,,,,,,,5.23,0,0,6,1,1,7,0.857,133,546,32 2/3,
96153,2025,,,,,,,,,,,,,,,,,,,,,,,,,,,,,,,,,
50904,2025,LG,,2,,,0,0,0,0,,,,,,,,,,,,,0,0,0,0,0,0,0,-,6,33,1 2/3,
52154,2025,LG,0.219,76,128,22,28,3,0,4,9,0,,,,,,156,43,0,2,0,,,,,,,,,,,,
53160,2025,LG,0.3,7,10,1,3,0,1,0,2,0,2,1,0,0.5,0.429,,,,,,,,,,,,,,,,,
69108,2025,LG,,42,,,48,8,2,4,,,,,,,,,,,,,4.79,0,0,1,2,3,4,0.333,207,865,47,
55165,2025,LG,0.276,78,196,28,54,10,1,3,28,4,23,3,46,0.383,0.359,,,,,,,,,,,,,,,,,
55100,2025,LG,0.173,29,52,6,9,0,0,0,5,0,6,0,4,0.173,0.259,,,,,,,,,,,,,,,,,
53100,2025,,,,,,,,,,,,,,,,,,,,,,,,,,,,,,,,,
61101,2025,LG,,26,,,155,36,3,9,,,,,,,,,,,,,2.9,1,1,11,6,0,0,0.647,648,2410,155 1/3,
63950,2025,LG,,54,,,64,15,1,4,,,,,,,,,,,,,3.91,0,0,3,3,10,5,0.5,226,855,48 1/3,
68869,2025,LG,0.264,45,87,7,23,1,0,0,10,0,5,5,20,0.276,0.34,,,,,,,,,,,,,,,,,
67123,2025,LG,0.25,1,,0,1,,,0,,,0,1,0,,,,,,,,0,,,0,0,0,0,-,,,1,0
69159,2025,LG,,4,,,1,0,0,1,,,,,,,,,,,,,20.25,0,0,0,0,0,0,-,13,56,2 2/3,
54149,2025,상무,0.272,30,,20,31,,,2,,,27,5,25,,,,,,,,5.34,,,2,1,1,1,0.667,,,30 1/3,18
51163,2025,LG,0.326,39,,23,45,,,2,,,25,1,18,,,,,,,,5.09,,,1,0,0,13,1,,,35 1/3,20
52149,2025,,,,,,,,,,,,,,,,,,,,,,,,,,,,,,,,,
54148,2025,LG,0.23,24,,33,43,,,4,,,35,6,50,,,,,,,,5.3,,,2,7,1,2,0.222,,,52 2/3,31
50054,2025,LG,0.237,83,173,24,41,9,2,1,17,3,,,,,,199,57,1,4,0,,,,,,,,,,,,
65905,2025,LG,0,19,5,6,0,0,0,0,0,1,,,,,,6,0,2,0,0,,,,,,,,,,,,
52163,2025,,,,,,,,,,,,,,,,,,,,,,,,,,,,,,,,,
52103,2025,LG,0.282,119,103,37,29,5,0,0,2,8,,,,,,115,34,4,3,1,,,,,,,,,,,,
68419,2025,LG,,13,,,35,6,2,3,,,,,,,,,,,,,5.28,0,0,0,1,0,2,0,132,507,29,
55163,2025,LG,0.3,4,,2,3,,,0,,,4,0,3,,,,,,,,6.75,,,0,0,0,0,-,,,2 2/3,2
55146,2025,LG,,29,,,166,26,1,5,,,,,,,,,,,,,3.23,0,0,13,5,0,0,0.722,718,2734,173,
55138,2025,LG,,5,,,28,7,0,4,,,,,,,,,,,,,7.04,0,0,1,1,0,0,0.5,107,408,23,
55130,2025,LG,,8,,,39,7,1,2,,,,,,,,,,,,,2.86,0,0,6,2,0,0,0.75,184,713,44,
50107,2025,LG,0.538,4,,4,7,,,0,,,3,0,1,,,,,,,,15.43,,,0,0,2,0,-,,,2 1/3,4
63248,2025,LG,,29,,,12,5,0,1,,,,,,,,,,,,,5.61,0,0,2,3,0,1,0.4,105,434,25 2/3,
50108,2025,LG,0.188,15,32,2,6,2,0,0,2,0,,,,,,36,8,0,0,1,,,,,,,,,,,,
53102,2025,LG,0.219,10,,7,7,,,0,,,7,1,7,,,,,,,,7,,,1,0,0,1,1,,,9,7
52119,2025,LG,0.27,23,,13,24,,,4,,,16,0,19,,,,,,,,4.57,,,1,0,2,1,1,,,21 2/3,11
66108,2025,LG,0.301,48,163,31,49,4,0,1,16,3,,,,,,203,56,0,2,4,,,,,,,,,,,,
50705,2025,한화,,3,,,6,1,0,1,,,,,,,,,,,,,12,0,0,0,0,0,0,-,17,76,3,
52769,2025,한화,0.154,12,13,1,2,1,0,0,0,0,,,,,,13,3,0,0,0,,,,,,,,,,,,
55764,2025,한화,,5,,,5,1,0,1,,,,,,,,,,,,,8.44,0,0,0,0,0,0,-,28,129,5 1/3,
69702,2025,한화,0.296,70,189,29,56,10,2,5,32,6,18,2,36,0.45,0.357,,,,,,,,,,,,,,,,,
52703,2025,,,,,,,,,,,,,,,,,,,,,,,,,,,,,,,,,
53701,2025,,,,,,,,,,,,,,,,,,,,,,,,,,,,,,,,,
51713,2025,상무,0.222,13,,3,10,,,1,,,5,1,13,,,,,,,,2.25,,,1,0,6,1,1,,,12,3
51715,2025,한화,,5,,,16,2,1,0,,,,,,,,,,,,,3.07,0,0,0,1,0,0,0,66,259,14 2/3,
54705,2025,한화,0.272,21,,19,28,,,2,,,19,1,29,,,,,,,,5.4,,,4,0,0,2,1,,,26 2/3,16
65764,2025,,,,,,,,,,,,,,,,,,,,,,,,,,,,,,,,,
65769,2025,한화,,70,,,29,5,0,0,,,,,,,,,,,,,2.36,0,0,2,1,2,5,0.667,188,754,45 2/3,
50710,2025,한화,0.297,21,,13,27,,,4,,,10,0,22,,,,,,,,4.44,,,1,1,6,1,0.5,,,24 1/3,12
53754,2025,한화,,66,,,49,7,3,2,,,,,,,,,,,,,2.7,0,0,1,3,33,2,0.25,268,1069,63 1/3,
50711,2025,한화,,5,,,3,0,0,1,,,,,,,,,,,,,23.63,0,0,0,0,0,0,-,17,68,2 2/3,
53708,2025,,,,,,,,,,,,,,,,,,,,,,,,,,,,,,,,,
66715,2025,한화,0.08,10,25,2,2,0,0,1,3,0,,,,,,26,5,0,0,0,,,,,,,,,,,,
63765,2025,한화,,61,,,56,17,1,4,,,,,,,,,,,,,3.21,0,0,4,5,0,4,0.444,274,1073,61 2/3,
66704,2025,한화,0.258,116,291,39,75,15,0,3,19,5,,,,,,328,99,3,6,0,,,,,,,,,,,,
53702,2025,,,,,,,,,,,,,,,,,,,,,,,,,,,,,,,,,
52717,2025,,,,,,,,,,,,,,,,,,,,,,,,,,,,,,,,,
69737,2025,한화,0.255,140,525,96,134,26,2,32,100,14,,,,,,608,260,4,0,4,,,,,,,,,,,,
76715,2025,한화,,26,,,144,22,3,12,,,,,,,,,,,,,3.23,0,0,9,7,0,0,0.563,574,2268,139 1/3,
55703,2025,한화,0.323,59,232,40,75,18,2,10,38,1,,,,,,258,127,0,0,4,,,,,,,,,,,,
52701,2025,한화,,24,,,112,16,5,7,,,,,,,,,,,,,4.02,1,0,11,5,0,0,0.688,501,1947,121,
51705,2025,,,,,,,,,,,,,,,,,,,,,,,,,,,,,,,,,
53764,2025,한화,0.322,138,516,69,166,29,2,12,79,16,,,,,,578,235,6,5,11,,,,,,,,,,,,
52711,2025,,,,,,,,,,,,,,,,,,,,,,,,,,,,,,,,,
55711,2025,한화,0.311,13,,20,28,,,1,,,17,2,17,,,,,,,,6.55,,,1,1,0,1,0.5,,,22,16
66707,2025,한화,0.287,70,157,30,45,12,2,4,27,1,23,2,32,0.465,0.385,,,,,,,,,,,,,,,,,
67703,2025,한화,,72,,,64,13,1,4,,,,,,,,,,,,,4.02,0,0,4,3,0,15,0.571,286,1093,65,
55705,2025,,,,,,,,,,,,,,,,,,,,,,,,,,,,,,,,,
68703,2025,한화,0.364,3,,1,4,,,0,,,0,1,1,,,,,,,,3,,,1,0,0,0,1,,,3,1
53706,2025,한화,0.286,2,,2,2,,,0,,,1,1,1,,,,,,,,10.8,,,0,0,0,1,-,,,1 2/3,2
50709,2025,한화,0,2,2,0,0,0,0,0,0,0,,,,,,2,0,0,0,0,,,,,,,,,,,,
52731,2025,한화,0.284,11,,21,27,,,2,,,17,1,27,,,,,,,,5.47,,,0,3,0,2,0,,,24 2/3,15
51761,2025,한화,0.269,37,,22,43,,,6,,,10,1,43,,,,,,,,4.32,,,3,4,1,4,0.429,,,41 2/3,20
69974,2025,한화,0.173,16,,7,26,,,2,,,10,4,31,,,,,,,,1.47,,,4,1,0,2,0.8,,,43,7
55798,2025,한화,0.235,87,213,40,50,16,0,5,36,2,31,2,58,0.38,0.329,,,,,,,,,,,,,,,,,
53711,2025,한화,0.368,5,,4,7,,,1,,,1,0,4,,,,,,,,3.6,,,0,1,0,1,0,,,5,2
77532,2025,한화,0.294,108,361,39,106,22,3,1,48,0,,,,,,405,137,4,4,2,,,,,,,,,,,,
51767,2025,한화,0.197,30,61,15,12,2,0,1,8,2,14,1,15,0.279,0.351,,,,,,,,,,,,,,,,,
53717,2025,한화,0.281,25,64,6,18,8,0,2,8,0,4,0,16,0.5,0.324,,,,,,,,,,,,,,,,,
64006,2025,한화,0.229,91,240,38,55,9,1,2,22,11,,,,,,267,72,1,6,1,,,,,,,,,,,,
51704,2025,한화,0.25,4,4,3,1,0,0,0,0,0,2,0,0,0.25,0.5,,,,,,,,,,,,,,,,,
79608,2025,한화,0.172,66,174,9,30,4,0,2,18,3,,,,,,196,40,0,4,1,,,,,,,,,,,,
50813,2025,한화,0.275,16,,15,28,,,1,,,6,1,17,,,,,,,,4.1,,,1,2,0,1,0.333,,,26 1/3,12
65056,2025,한화,,28,,,106,18,3,13,,,,,,,,,,,,,6.58,0,0,2,7,0,1,0.222,379,1540,80 2/3,
55707,2025,한화,0.5,1,,0,2,,,0,,,0,0,0,,,,,,,,0,,,0,0,0,0,-,,,1,0
55708,2025,한화,0.328,14,,15,20,,,1,,,12,2,17,,,,,,,,7.71,,,1,0,0,1,1,,,14,12
54755,2025,한화,,29,,,126,29,1,13,,,,,,,,,,,,,2.99,0,0,16,5,0,0,0.762,702,2752,171 2/3,
54702,2025,한화,,2,,,3,0,0,1,,,,,,,,,,,,,16.2,0,0,0,0,0,0,-,10,37,1 2/3,
69766,2025,한화,0.154,20,13,1,2,0,0,0,0,1,,,,,,16,2,0,2,0,,,,,,,,,,,,
52765,2025,한화,0.225,39,80,16,18,3,0,3,11,2,14,2,20,0.375,0.343,,,,,,,,,,,,,,,,,
63464,2025,한화,0.214,16,,5,12,,,0,,,8,1,7,,,,,,,,2.35,,,2,0,0,1,1,,,15 1/3,4
69213,2025,한화,,11,,,11,4,0,1,,,,,,,,,,,,,1.72,0,0,0,0,0,0,-,63,236,15 2/3,
54703,2025,한화,0.254,9,,7,18,,,0,,,8,2,14,,,,,,,,2.37,,,0,0,0,0,-,,,19,5
65703,2025,한화,0.258,110,240,34,62,11,3,1,35,1,,,,,,266,82,0,9,3,,,,,,,,,,,,
55704,2025,한화,0.3,10,,23,27,,,6,,,21,3,31,,,,,,,,8.46,,,1,2,0,0,0.333,,,22 1/3,21
65616,2025,한화,0.277,34,,16,38,,,4,,,18,0,31,,,,,,,,3,,,3,2,3,6,0.6,,,36,12
55710,2025,한화,0,3,4,0,0,0,0,0,0,0,,,,,,4,0,0,0,0,,,,,,,,,,,,
65117,2025,한화,,5,,,16,2,1,0,,,,,,,,,,,,,8,0,0,0,1,0,0,0,47,155,9,
52704,2025,한화,0.2,39,10,14,2,1,0,0,2,3,,,,,,12,3,4,1,0,,,,,,,,,,,,
52714,2025,한화,0.4,1,,2,2,,,1,,,1,0,1,,,,,,,,18,,,0,0,0,0,-,,,1,2
55712,2025,한화,1,4,1,1,1,0,1,0,1,0,,,,,,1,3,0,0,0,,,,,,,,,,,,
68700,2025,한화,0.196,125,204,57,40,7,0,4,23,22,,,,,,238,59,3,6,2,,,,,,,,,,,,
76812,2025,한화,0.202,96,124,4,25,2,1,1,12,1,,,,,,150,32,1,8,3,,,,,,,,,,,,
55706,2025,한화,0.207,19,29,6,6,1,0,0,5,1,4,0,3,0.241,0.303,,,,,,,,,,,,,,,,,
66657,2025,한화,0.275,113,316,47,87,13,0,10,41,1,,,,,,360,130,4,0,5,,,,,,,,,,,,
63749,2025,한화,0.262,14,,5,16,,,0,,,5,1,14,,,,,,,,2.81,,,1,0,0,2,1,,,16,5
60768,2025,한화,,14,,,14,5,0,0,,,,,,,,,,,,,3.97,0,0,0,1,0,0,0,51,181,11 1/3,
50704,2025,한화,0.167,17,30,2,5,1,0,1,2,2,,,,,,35,9,0,0,0,,,,,,,,,,,,
51762,2025,한화,1,2,1,1,1,0,0,0,0,0,,,,,,2,1,0,0,0,,,,,,,,,,,,
79764,2025,한화,0.265,14,,22,45,,,7,,,9,4,48,,,,,,,,4.3,,,3,2,0,1,0.6,,,44,21
77318,2025,한화,0.194,9,,6,6,,,2,,,7,0,13,,,,,,,,4.15,,,1,1,0,0,0.5,,,8 2/3,4
69645,2025,한화,0.275,29,,29,36,,,2,,,23,6,30,,,,,,,,6.34,,,2,2,2,3,0.5,,,32 2/3,23
51764,2025,한화,0.272,81,239,42,65,13,0,9,33,1,39,4,49,0.439,0.382,,,,,,,,,,,,,,,,,
54794,2025,한화,0.289,23,38,13,11,4,0,0,7,2,10,0,7,0.395,0.42,,,,,,,,,,,,,,,,,
55743,2025,한화,,49,,,33,6,1,6,,,,,,,,,,,,,3.1,0,0,3,0,0,3,1,213,939,49 1/3,
69767,2025,한화,0.339,12,,17,19,,,0,,,12,0,12,,,,,,,,12.41,,,0,3,0,0,0,,,12 1/3,17
54768,2025,한화,,67,,,77,16,0,4,,,,,,,,,,,,,4.1,0,0,2,3,2,5,0.4,281,1062,59 1/3,
69705,2025,한화,0.179,12,28,5,5,0,0,1,3,0,4,1,13,0.286,0.303,,,,,,,,,,,,,,,,,
65707,2025,한화,,47,,,58,13,2,8,,,,,,,,,,,,,5.31,0,0,5,2,1,3,0.714,189,759,40 2/3,
79192,2025,한화,0.291,129,470,53,137,27,1,19,87,1,,,,,,515,223,2,3,0,,,,,,,,,,,,
53705,2025,한화,0.533,5,15,5,8,0,1,2,5,0,2,0,5,1.067,0.588,,,,,,,,,,,,,,,,,
50707,2025,한화,0.248,76,133,6,33,8,0,1,16,1,,,,,,153,44,0,1,1,,,,,,,,,,,,
78288,2025,한화,0.282,118,262,28,74,14,0,1,34,1,,,,,,338,91,1,10,6,,,,,,,,,,,,
55709,2025,한화,0.25,1,,1,1,,,0,,,1,0,1,,,,,,,,9,,,0,0,0,0,-,,,1,1
54710,2025,한화,0.252,65,131,25,33,5,1,1,16,5,21,0,22,0.328,0.355,,,,,,,,,,,,,,,,,
55730,2025,한화,,28,,,122,18,0,9,,,,,,,,,,,,,1.85,0,0,17,1,0,0,0.944,673,2758,174 2/3,
55734,2025,한화,0.271,65,258,36,70,18,2,8,29,13,,,,,,285,116,3,0,2,,,,,,,,,,,,
62700,2025,한화,0.302,93,268,34,81,14,0,4,28,2,,,,,,297,107,1,11,1,,,,,,,,,,,,
52710,2025,한화,0.331,75,169,30,56,7,2,0,27,4,16,2,17,0.396,0.385,,,,,,,,,,,,,,,,,
53703,2025,한화,0.317,14,,10,19,,,1,,,11,2,14,,,,,,,,6.28,,,2,0,0,1,1,,,14 1/3,10
61666,2025,한화,,68,,,55,5,1,4,,,,,,,,,,,,,2.35,0,0,3,3,3,16,0.5,260,961,61 1/3,
55767,2025,한화,0.224,57,170,24,38,9,0,8,32,0,19,1,54,0.418,0.299,,,,,,,,,,,,,,,,,
69706,2025,한화,0.227,18,22,1,5,0,0,0,6,0,4,0,4,0.227,0.333,,,,,,,,,,,,,,,,,
52764,2025,한화,0.167,19,24,2,4,1,0,0,2,0,,,,,,25,5,0,0,0,,,,,,,,,,,,
54795,2025,한화,0.273,114,249,38,68,16,1,1,19,1,,,,,,274,89,3,2,1,,,,,,,,,,,,
54729,2025,한화,,21,,,53,11,4,7,,,,,,,,,,,,,5.43,0,0,2,8,0,0,0.2,236,979,54 2/3,
51868,2025,SSG,0.276,125,456,44,126,20,1,16,61,2,,,,,,485,196,0,0,7,,,,,,,,,,,,
71837,2025,SSG,-,1,0,0,0,0,0,0,0,0,,,,,,0,0,0,0,0,,,,,,,,,,,,
51867,2025,SSG,,34,,,49,13,0,1,,,,,,,,,,,,,3.84,0,0,4,4,0,2,0.5,280,1166,61,
77829,2025,SSG,,27,,,154,25,1,12,,,,,,,,,,,,,4.79,0,0,10,9,0,0,0.526,610,2363,139,
54810,2025,SSG,0.28,61,161,29,45,10,1,10,35,1,16,0,51,0.54,0.341,,,,,,,,,,,,,,,,,
52844,2025,SSG,0.231,8,,9,9,,,1,,,9,1,4,,,,,,,,5.91,,,0,0,0,1,-,,,10 2/3,7
68043,2025,SSG,,69,,,60,7,0,7,,,,,,,,,,,,,3.02,0,0,5,2,1,21,0.714,263,933,62 2/3,
62864,2025,SSG,0.143,29,42,7,6,0,0,0,2,0,7,1,14,0.143,0.28,,,,,,,,,,,,,,,,,
50848,2025,SSG,0.34,24,,24,34,,,2,,,20,8,14,,,,,,,,7.66,,,4,3,0,3,0.571,,,24 2/3,21
62934,2025,SSG,0.2,51,110,10,22,6,0,2,13,1,,,,,,118,34,2,0,0,,,,,,,,,,,,
76802,2025,SSG,0.231,56,108,15,25,3,0,1,11,1,,,,,,130,31,1,4,1,,,,,,,,,,,,
67900,2025,SSG,0.091,7,11,0,1,0,0,0,0,0,,,,,,12,1,0,0,0,,,,,,,,,,,,
53865,2025,SSG,0.194,14,31,0,6,3,0,0,6,1,3,0,8,0.29,0.257,,,,,,,,,,,,,,,,,
53805,2025,SSG,0.229,8,,5,8,,,0,,,10,0,8,,,,,,,,3.86,,,1,0,0,1,1,,,9 1/3,4
66917,2025,SSG,0.178,44,73,4,13,2,0,0,5,0,,,,,,78,15,0,1,0,,,,,,,,,,,,
69825,2025,SSG,-,4,0,1,0,0,0,0,0,0,,,,,,0,0,0,0,0,,,,,,,,,,,,
52803,2025,SSG,1,6,1,0,1,0,0,0,0,1,,,,,,2,1,1,0,0,,,,,,,,,,,,
65343,2025,SSG,,23,,,18,6,0,0,,,,,,,,,,,,,3.1,0,0,0,0,0,1,-,88,348,20 1/3,
55895,2025,SSG,0.373,26,,65,106,,,8,,,40,3,48,,,,,,,,7.23,,,1,2,0,0,0.333,,,66,53
73211,2025,SSG,,75,,,59,10,0,2,,,,,,,,,,,,,2.19,0,0,3,6,3,33,0.333,313,1146,78,
55802,2025,,,,,,,,,,,,,,,,,,,,,,,,,,,,,,,,,
50868,2025,SSG,0.292,24,89,17,26,5,0,6,16,0,,,,,,96,49,1,0,0,,,,,,,,,,,,
55844,2025,SSG,0.203,22,74,8,15,3,0,4,11,0,,,,,,80,30,0,0,0,,,,,,,,,,,,
62869,2025,SSG,,22,,,109,23,3,16,,,,,,,,,,,,,5.24,0,0,4,7,0,0,0.364,444,1746,103,
54802,2025,SSG,,16,,,20,2,0,3,,,,,,,,,,,,,2.42,0,0,0,0,0,2,-,102,423,22 1/3,
64944,2025,,,,,,,,,,,,,,,,,,,,,,,,,,,,,,,,,
50592,2025,,,,,,,,,,,,,,,,,,,,,,,,,,,,,,,,,
52864,2025,SSG,0,1,,0,0,,,0,,,0,0,0,,,,,,,,0,,,0,0,0,1,-,,,1,0
54807,2025,SSG,0.348,26,,24,40,,,3,,,18,3,18,,,,,,,,6.83,,,2,2,3,0,0.5,,,27 2/3,21
67893,2025,SSG,0.274,123,441,69,121,22,2,6,47,5,,,,,,524,165,6,2,2,,,,,,,,,,,,
50812,2025,SSG,,51,,,44,3,0,5,,,,,,,,,,,,,3.31,0,0,6,2,0,3,0.75,228,912,51 2/3,
51860,2025,SSG,0.321,61,84,29,27,4,2,1,19,8,19,2,14,0.452,0.444,,,,,,,,,,,,,,,,,
60841,2025,SSG,,5,,,15,1,0,4,,,,,,,,,,,,,7.11,0,0,0,2,0,0,0,90,370,19,
54805,2025,SSG,0.15,31,60,3,9,0,0,0,4,0,,,,,,68,9,1,3,1,,,,,,,,,,,,
69839,2025,,,,,,,,,,,,,,,,,,,,,,,,,,,,,,,,,
54814,2025,SSG,0.286,13,21,5,6,0,0,0,4,1,4,2,7,0.286,0.429,,,,,,,,,,,,,,,,,
61895,2025,SSG,,2,,,1,0,0,0,,,,,,,,,,,,,6.75,0,0,0,0,0,0,-,7,27,1 1/3,
52804,2025,SSG,0.265,27,49,3,13,1,0,2,4,0,,,,,,54,20,0,0,0,,,,,,,,,,,,
53898,2025,SSG,,20,,,70,5,0,8,,,,,,,,,,,,,5.86,0,0,2,4,0,0,0.333,265,990,58 1/3,
66662,2025,SSG,0.182,29,33,1,6,1,0,1,3,0,,,,,,39,10,0,0,0,,,,,,,,,,,,
55860,2025,SSG,0.288,21,,57,80,,,12,,,43,10,73,,,,,,,,6.94,,,3,5,0,0,0.375,,,70,54
52873,2025,상무,0.316,14,,19,25,,,3,,,9,2,15,,,,,,,,8.2,,,0,0,0,5,-,,,18 2/3,17
66864,2025,SSG,0.261,98,249,37,65,7,2,5,14,16,,,,,,280,91,5,9,2,,,,,,,,,,,,
53897,2025,SSG,0.284,18,,20,21,,,5,,,15,3,13,,,,,,,,8.38,,,0,2,0,1,0,,,19 1/3,18
54833,2025,SSG,,29,,,120,17,1,13,,,,,,,,,,,,,2.28,0,0,11,7,0,0,0.611,672,2702,165 2/3,
53827,2025,SSG,0.343,93,362,43,124,18,0,13,54,1,,,,,,402,181,2,0,2,,,,,,,,,,,,
60558,2025,SSG,0.201,120,194,31,39,6,0,5,26,25,,,,,,229,60,7,3,1,,,,,,,,,,,,
52867,2025,SSG,0.545,3,,9,6,,,0,,,5,1,0,,,,,,,,40.5,,,0,1,0,0,0,,,2,9
64861,2025,SSG,0.325,40,,48,67,,,8,,,38,4,40,,,,,,,,8.05,,,2,2,0,4,0.5,,,50 1/3,45
55896,2025,SSG,0.302,17,,40,45,,,7,,,26,2,31,,,,,,,,8.76,,,1,3,0,1,0.25,,,37,36
53892,2025,SSG,,73,,,54,4,1,7,,,,,,,,,,,,,1.92,0,0,6,5,1,31,0.545,297,1232,75,
54806,2025,SSG,0.27,52,111,16,30,4,1,1,20,3,8,4,32,0.351,0.339,,,,,,,,,,,,,,,,,
53809,2025,SSG,0.364,3,,3,4,,,0,,,5,1,0,,,,,,,,8.1,,,0,1,0,0,0,,,3 1/3,3
55893,2025,SSG,0.182,45,77,10,14,6,0,1,5,0,12,5,23,0.299,0.326,,,,,,,,,,,,,,,,,
55832,2025,SSG,0.167,5,6,1,1,0,0,1,3,0,,,,,,6,4,0,0,0,,,,,,,,,,,,
67807,2025,SSG,0,3,3,0,0,0,0,0,0,0,,,,,,3,0,0,0,0,,,,,,,,,,,,
79456,2025,SSG,0.231,74,195,13,45,6,1,3,18,2,,,,,,213,62,1,3,2,,,,,,,,,,,,
52807,2025,SSG,-,1,0,0,0,0,0,0,0,0,,,,,,0,0,0,0,0,,,,,,,,,,,,
52802,2025,SSG,0.324,10,,15,11,,,2,,,23,0,6,,,,,,,,14.46,,,0,0,0,0,-,,,9 1/3,15
51895,2025,SSG,0.261,17,,12,23,,,1,,,10,3,15,,,,,,,,3.52,,,3,1,0,2,0.75,,,23,9
55899,2025,SSG,0.224,32,67,11,15,3,0,1,5,2,15,2,12,0.313,0.368,,,,,,,,,,,,,,,,,
52809,2025,SSG,,33,,,47,8,0,5,,,,,,,,,,,,,4.56,0,0,1,5,0,0,0.167,223,970,51 1/3,
66858,2025,SSG,,10,,,19,6,0,2,,,,,,,,,,,,,9.19,0,0,0,0,0,0,-,75,289,15 2/3,
54812,2025,SSG,0.248,127,359,57,89,10,3,0,24,37,,,,,,425,105,8,16,1,,,,,,,,,,,,
54815,2025,SSG,0.5,3,2,0,1,1,0,0,0,0,,,,,,2,2,0,0,0,,,,,,,,,,,,
51897,2025,SSG,,67,,,41,7,0,5,,,,,,,,,,,,,1.65,0,0,5,4,28,0,0.556,248,1067,65 1/3,
51809,2025,SSG,0.2,2,,1,1,,,0,,,5,0,1,,,,,,,,6.75,,,0,0,0,1,-,,,1 1/3,1
51865,2025,SSG,0.246,98,260,23,64,8,0,4,29,0,,,,,,284,84,0,1,2,,,,,,,,,,,,
69804,2025,SSG,0.195,37,41,8,8,1,1,1,9,1,,,,,,45,14,0,0,1,,,,,,,,,,,,
55890,2025,SSG,0.333,18,,49,83,,,11,,,20,3,40,,,,,,,,5.55,,,0,3,0,0,0,,,60,37
68856,2025,SSG,,39,,,71,7,0,6,,,,,,,,,,,,,4.1,0,0,2,2,0,1,0.5,278,1134,63 2/3,
65157,2025,SSG,0,1,1,0,0,0,0,0,0,0,0,1,0,0,0.5,,,,,,,,,,,,,,,,,
68805,2025,SSG,0.143,23,7,5,1,0,0,0,1,1,,,,,,9,1,1,0,0,,,,,,,,,,,,
69893,2025,SSG,0.339,24,,33,38,,,7,,,18,1,13,,,,,,,,9,,,0,5,1,1,0,,,26,26
55894,2025,SSG,0.239,76,230,32,55,10,0,3,34,4,28,13,52,0.322,0.348,,,,,,,,,,,,,,,,,
75847,2025,SSG,0.243,92,329,54,80,12,0,23,63,1,,,,,,394,161,0,0,3,,,,,,,,,,,,
68868,2025,SSG,0.189,76,148,17,28,0,0,3,22,2,,,,,,188,37,0,3,4,,,,,,,,,,,,
50854,2025,SSG,0.28,137,508,65,142,13,4,7,43,28,,,,,,564,184,6,4,5,,,,,,,,,,,,
54803,2025,SSG,,13,,,21,2,0,5,,,,,,,,,,,,,6.23,0,0,0,0,0,0,-,77,290,17 1/3,
69813,2025,SSG,0.143,18,56,6,8,0,0,3,8,1,,,,,,61,17,2,0,1,,,,,,,,,,,,
68092,2025,SSG,,42,,,42,5,0,0,,,,,,,,,,,,,4.37,0,0,2,0,1,3,1,159,616,35,
62895,2025,SSG,0.273,125,444,50,121,23,0,15,68,1,,,,,,500,189,0,1,2,,,,,,,,,,,,
55801,2025,SSG,0.269,37,,31,53,,,0,,,30,4,23,,,,,,,,2.52,,,3,3,8,2,0.5,,,50,14
54813,2025,SSG,0.239,37,67,15,16,4,0,1,10,1,15,3,17,0.343,0.391,,,,,,,,,,,,,,,,,
50840,2025,SSG,0.264,18,53,4,14,1,0,0,4,0,,,,,,56,15,0,0,0,,,,,,,,,,,,
55897,2025,SSG,0,12,2,3,0,0,0,0,0,1,,,,,,2,0,1,0,0,,,,,,,,,,,,
55855,2025,SSG,,24,,,111,17,2,9,,,,,,,,,,,,,2.87,1,0,11,4,0,0,0.733,562,2165,134 2/3,
55460,2025,삼성,,15,,,56,5,0,6,,,,,,,,,,,,,2.64,0,0,4,4,0,0,0.5,327,1356,78 1/3,
55427,2025,삼성,0.231,74,169,36,39,8,0,8,33,3,30,2,61,0.42,0.351,,,,,,,,,,,,,,,,,
74540,2025,삼성,0.273,125,407,36,111,23,1,12,70,2,,,,,,459,172,2,1,7,,,,,,,,,,,,
53460,2025,삼성,0.133,9,15,1,2,1,0,0,1,0,1,2,2,0.2,0.278,,,,,,,,,,,,,,,,,
64610,2025,삼성,0.3,9,20,2,6,1,0,0,1,0,2,0,5,0.35,0.364,,,,,,,,,,,,,,,,,
68407,2025,삼성,0.288,53,104,21,30,4,0,5,20,1,19,2,16,0.471,0.408,,,,,,,,,,,,,,,,,
62404,2025,삼성,0.318,140,525,104,167,43,2,19,96,4,,,,,,611,271,1,1,8,,,,,,,,,,,,
55441,2025,,,,,,,,,,,,,,,,,,,,,,,,,,,,,,,,,
61365,2025,삼성,,2,,,1,1,0,0,,,,,,,,,,,,,0,0,0,0,0,0,1,-,3,16,02월 03일,
54401,2025,삼성,,11,,,25,6,0,3,,,,,,,,,,,,,5.14,0,0,0,1,0,0,0,105,392,21,
69442,2025,삼성,0.286,6,14,3,4,1,0,0,1,0,,,,,,14,5,0,0,0,,,,,,,,,,,,
54402,2025,삼성,0.265,23,,25,31,,,3,,,20,4,16,,,,,,,,5.7,,,1,3,0,0,0.25,,,30,19
68403,2025,,,,,,,,,,,,,,,,,,,,,,,,,,,,,,,,,
64793,2025,삼성,0.333,21,27,6,9,2,0,0,5,0,4,4,6,0.407,0.486,,,,,,,,,,,,,,,,,
55420,2025,삼성,0.32,25,,22,39,,,2,,,22,1,23,,,,,,,,6.37,,,1,1,1,1,0.5,,,29 2/3,21
52402,2025,삼성,0.368,19,19,7,7,0,0,0,1,1,1,1,4,0.368,0.429,,,,,,,,,,,,,,,,,
55425,2025,삼성,0.225,73,129,19,29,0,1,0,16,3,22,1,24,0.24,0.34,,,,,,,,,,,,,,,,,
54403,2025,삼성,0.3,9,,11,9,,,1,,,10,3,6,,,,,,,,10.57,,,0,0,0,1,-,,,7 2/3,9
67449,2025,삼성,0.329,125,450,90,148,28,9,6,59,26,,,,,,532,212,7,10,2,,,,,,,,,,,,
53464,2025,,,,,,,,,,,,,,,,,,,,,,,,,,,,,,,,,
52430,2025,삼성,0.248,123,439,63,109,22,2,21,70,6,,,,,,491,198,2,0,3,,,,,,,,,,,,
55429,2025,삼성,0.36,12,,36,36,,,4,,,23,5,17,,,,,,,,10.88,,,1,4,0,1,0.2,,,24,29
65132,2025,삼성,0.131,42,61,3,8,2,0,0,4,0,,,,,,71,10,0,1,1,,,,,,,,,,,,
65062,2025,삼성,,62,,,57,12,2,10,,,,,,,,,,,,,5.05,0,0,4,7,13,3,0.364,240,933,57,
52424,2025,삼성,0,7,2,2,0,0,0,0,0,0,,,,,,3,0,0,0,0,,,,,,,,,,,,
54407,2025,삼성,0.208,22,24,3,5,0,0,2,4,0,7,2,9,0.458,0.424,,,,,,,,,,,,,,,,,
50458,2025,삼성,0.277,88,310,58,86,8,2,0,23,22,,,,,,366,98,3,10,3,,,,,,,,,,,,
69207,2025,삼성,0.333,11,12,2,4,0,0,0,0,0,,,,,,14,4,0,0,0,,,,,,,,,,,,
62360,2025,삼성,,72,,,65,13,0,8,,,,,,,,,,,,,4.55,0,0,2,6,2,19,0.25,283,1109,65 1/3,
65040,2025,삼성,0.237,51,93,4,22,1,0,2,8,1,,,,,,98,29,0,2,0,,,,,,,,,,,,
61404,2025,삼성,0.231,75,169,21,39,6,0,2,11,2,,,,,,187,51,1,2,1,,,,,,,,,,,,
54460,2025,삼성,-,1,0,0,0,0,0,0,0,0,,,,,,0,0,0,0,0,,,,,,,,,,,,
54400,2025,삼성,0.311,142,546,91,170,31,0,49,153,1,,,,,,623,348,0,0,11,,,,,,,,,,,,
54443,2025,삼성,,10,,,51,7,1,5,,,,,,,,,,,,,4.14,0,0,4,3,0,0,0.571,215,844,50,
62234,2025,삼성,0.281,128,398,54,112,14,0,1,37,11,,,,,,462,129,6,14,4,,,,,,,,,,,,
75125,2025,삼성,0.199,75,191,26,38,5,0,15,33,0,,,,,,227,88,0,0,2,,,,,,,,,,,,
69418,2025,삼성,0.287,64,174,39,50,5,0,6,14,5,,,,,,200,73,4,1,0,,,,,,,,,,,,
53416,2025,삼성,0.301,48,83,14,25,5,1,1,16,0,8,0,18,0.422,0.363,,,,,,,,,,,,,,,,,
50411,2025,삼성,0.258,44,,30,48,,,4,,,27,3,50,,,,,,,,5.06,,,5,2,4,6,0.714,,,48,27
54466,2025,삼성,0.32,11,,26,31,,,4,,,20,0,16,,,,,,,,7.46,,,1,4,0,0,0.2,,,25 1/3,21
53411,2025,삼성,0,1,1,0,0,0,0,0,0,0,,,,,,1,0,0,0,0,,,,,,,,,,,,
55455,2025,삼성,,64,,,49,11,0,3,,,,,,,,,,,,,3.96,0,0,2,3,0,18,0.4,230,952,50,
77446,2025,삼성,,29,,,19,6,0,1,,,,,,,,,,,,,1.95,0,0,2,0,1,3,1,128,505,32 1/3,
73801,2025,삼성,,5,,,9,2,0,0,,,,,,,,,,,,,4.5,0,0,0,0,0,0,-,28,93,6,
54405,2025,삼성,0.286,2,,1,2,,,0,,,1,1,2,,,,,,,,0,,,1,0,0,0,1,,,2,0
53415,2025,,,,,,,,,,,,,,,,,,,,,,,,,,,,,,,,,
52440,2025,,,,,,,,,,,,,,,,,,,,,,,,,,,,,,,,,
55438,2025,삼성,0.176,30,34,8,6,0,0,0,1,3,,,,,,39,6,1,1,0,,,,,,,,,,,,
66406,2025,삼성,0.235,8,17,3,4,0,0,1,2,0,,,,,,18,7,1,0,0,,,,,,,,,,,,
54408,2025,삼성,0.262,114,164,23,43,5,0,0,16,5,,,,,,196,48,1,11,1,,,,,,,,,,,,
69403,2025,삼성,0.188,14,16,3,3,1,0,0,4,0,,,,,,16,4,0,0,0,,,,,,,,,,,,
68415,2025,삼성,,33,,,67,10,0,3,,,,,,,,,,,,,3.43,0,0,3,3,0,2,0.5,276,969,63,
61268,2025,삼성,,3,,,0,0,0,0,,,,,,,,,,,,,0,0,0,0,0,0,0,-,10,44,2 2/3,
75421,2025,삼성,,11,,,15,5,0,1,,,,,,,,,,,,,8.31,0,0,0,0,0,0,-,44,169,8 2/3,
51466,2025,삼성,0.24,19,25,3,6,2,0,0,2,0,1,1,9,0.32,0.296,,,,,,,,,,,,,,,,,
55428,2025,,,,,,,,,,,,,,,,,,,,,,,,,,,,,,,,,
69446,2025,삼성,,27,,,157,32,2,20,,,,,,,,,,,,,3.24,0,0,12,4,0,0,0.75,671,2493,166 2/3,
54406,2025,삼성,0,1,,0,0,,,0,,,1,0,1,,,,,,,,0,,,0,0,0,0,-,,,1,0
54404,2025,삼성,,26,,,19,3,0,3,,,,,,,,,,,,,4.73,0,0,0,1,0,1,0,121,511,26 2/3,
68463,2025,삼성,0.175,25,40,3,7,1,0,0,3,0,,,,,,46,8,0,0,2,,,,,,,,,,,,
69428,2025,삼성,0.2,55,55,5,11,3,0,1,7,0,,,,,,59,17,0,0,0,,,,,,,,,,,,
63960,2025,삼성,,1,,,2,0,0,0,,,,,,,,,,,,,0,0,0,0,0,0,0,-,5,12,1,
66409,2025,삼성,0.2,66,120,16,24,4,1,6,21,2,,,,,,148,48,2,1,2,,,,,,,,,,,,
50464,2025,삼성,,61,,,60,14,2,5,,,,,,,,,,,,,3.71,0,0,3,2,0,8,0.6,275,1045,63,
51454,2025,삼성,,25,,,121,23,2,10,,,,,,,,,,,,,5.42,0,0,4,9,0,0,0.308,471,1840,101 1/3,
60146,2025,삼성,,42,,,43,7,0,9,,,,,,,,,,,,,6.31,0,0,2,1,0,11,0.667,161,648,35 2/3,
63492,2025,삼성,,6,,,7,0,1,0,,,,,,,,,,,,,1.42,0,0,1,0,0,0,1,28,103,6 1/3,
52415,2025,삼성,0.251,137,450,81,113,29,0,16,65,6,,,,,,547,190,1,9,8,,,,,,,,,,,,
51460,2025,삼성,,11,,,7,1,1,0,,,,,,,,,,,,,3,0,0,0,2,0,4,0,39,157,9,
55417,2025,삼성,0.27,41,89,18,24,0,0,0,8,11,16,0,27,0.27,0.381,,,,,,,,,,,,,,,,,
51407,2025,삼성,0.2,11,15,2,3,1,0,1,2,1,,,,,,17,7,0,0,0,,,,,,,,,,,,
69416,2025,삼성,0.25,7,4,2,1,0,0,0,1,0,,,,,,4,1,0,0,0,,,,,,,,,,,,
54411,2025,삼성,0.25,9,20,6,5,1,0,0,4,1,5,0,3,0.3,0.385,,,,,,,,,,,,,,,,,
53455,2025,삼성,,58,,,54,7,2,7,,,,,,,,,,,,,6.34,0,0,7,4,9,3,0.636,252,1032,55 1/3,
78352,2025,삼성,,15,,,17,2,0,5,,,,,,,,,,,,,5.25,0,0,1,0,0,2,1,60,249,12,
65586,2025,삼성,0.284,58,74,11,21,2,0,1,13,1,,,,,,93,26,0,0,0,,,,,,,,,,,,
54467,2025,삼성,,1,,,3,2,1,0,,,,,,,,,,,,,36,0,0,0,1,0,0,0,7,23,1,
52405,2025,삼성,0.276,17,29,6,8,3,0,0,3,0,2,0,5,0.379,0.323,,,,,,,,,,,,,,,,,
51468,2025,삼성,0.211,22,38,1,8,1,0,0,4,0,9,1,13,0.237,0.375,,,,,,,,,,,,,,,,,
55415,2025,삼성,0.317,17,,15,20,,,0,,,8,1,15,,,,,,,,7.53,,,0,2,1,1,0,,,14 1/3,12
52400,2025,삼성,0.19,21,21,3,4,0,0,0,2,0,9,0,10,0.19,0.406,,,,,,,,,,,,,,,,,
55435,2025,삼성,0,1,1,0,0,0,0,0,0,0,,,,,,1,0,0,0,0,,,,,,,,,,,,
55414,2025,삼성,0.355,13,,55,72,,,7,,,29,2,37,,,,,,,,9.32,,,2,7,0,0,0.222,,,47 1/3,49
62146,2025,삼성,,2,,,1,0,0,0,,,,,,,,,,,,,9,0,0,0,0,0,0,-,5,20,1,
55419,2025,삼성,0.283,17,,29,66,,,5,,,26,2,37,,,,,,,,3.9,,,1,0,0,0,1,,,60,26
65320,2025,삼성,,27,,,128,21,0,13,,,,,,,,,,,,,4.92,0,0,8,7,0,0,0.533,552,2137,124 1/3,
67421,2025,,,,,,,,,,,,,,,,,,,,,,,,,,,,,,,,,
66451,2025,삼성,,3,,,3,0,0,0,,,,,,,,,,,,,27,0,0,0,0,0,0,-,8,35,1,
68501,2025,삼성,0.294,18,,19,25,,,2,,,16,3,18,,,,,,,,7.59,,,0,3,1,3,0,,,21 1/3,18
55440,2025,삼성,0.214,6,14,1,3,0,0,0,1,0,,,,,,14,3,0,0,0,,,,,,,,,,,,
50449,2025,삼성,0.331,12,,22,44,,,2,,,13,3,13,,,,,,,,4.36,,,5,4,0,0,0.556,,,33,16
50430,2025,삼성,,1,,,1,0,0,0,,,,,,,,,,,,,0,0,0,0,0,0,0,-,6,19,1,
55412,2025,삼성,0.316,12,,10,18,,,0,,,7,0,4,,,,,,,,6.23,,,1,0,0,1,1,,,13,9
67005,2025,삼성,0.125,31,32,8,4,2,0,0,0,0,,,,,,38,6,0,2,0,,,,,,,,,,,,
50441,2025,삼성,,15,,,27,2,0,1,,,,,,,,,,,,,6.97,0,0,0,1,0,0,0,104,403,20 2/3,
53375,2025,삼성,,29,,,175,17,3,17,,,,,,,,,,,,,2.7,3,2,14,8,0,0,0.636,763,2828,190 1/3,
53006,2025,KT,,2,,,7,2,0,1,,,,,,,,,,,,,24.55,0,0,0,1,0,0,0,26,104,3 2/3,
69064,2025,KT,0.033,25,30,0,1,0,0,0,1,0,,,,,,36,1,0,0,1,,,,,,,,,,,,
68050,2025,KT,,1,,,3,1,0,1,,,,,,,,,,,,,18,0,0,0,0,0,0,-,7,25,1,
50066,2025,KT,0.19,38,63,5,12,1,0,1,8,0,,,,,,77,16,0,3,1,,,,,,,,,,,,
64001,2025,KT,,28,,,166,30,2,9,,,,,,,,,,,,,3.16,1,1,11,7,0,0,0.611,675,2491,159 2/3,
51003,2025,KT,0.228,120,268,33,61,12,3,1,25,3,,,,,,306,82,1,6,1,,,,,,,,,,,,
52003,2025,KT,0.32,18,,19,48,,,5,,,16,3,20,,,,,,,,4.58,,,2,1,0,0,0.667,,,37 1/3,19
51005,2025,KT,0,2,1,0,0,0,0,0,0,0,,,,,,1,0,0,0,0,,,,,,,,,,,,
55040,2025,KT,,3,,,7,0,0,2,,,,,,,,,,,,,13.5,0,0,0,0,0,0,-,19,66,3 1/3,
54097,2025,KT,-,2,0,0,0,0,0,0,0,0,,,,,,0,0,0,0,0,,,,,,,,,,,,
65048,2025,KT,,57,,,62,11,2,5,,,,,,,,,,,,,5.05,0,0,4,3,0,11,0.571,226,806,51 2/3,
64004,2025,KT,0.291,103,368,51,107,12,2,0,34,11,,,,,,403,123,3,4,1,,,,,,,,,,,,
52002,2025,KT,0.2,9,5,2,1,0,0,0,0,0,,,,,,5,1,0,0,0,,,,,,,,,,,,
79402,2025,KT,0.252,110,345,40,87,14,0,5,47,3,,,,,,409,116,0,5,7,,,,,,,,,,,,
55043,2025,KT,,4,,,3,1,0,0,,,,,,,,,,,,,10.38,0,0,0,0,0,0,-,24,99,4 1/3,
51299,2025,KT,-,1,,1,0,,,0,,,1,1,0,,,,,,,,-,,,0,0,0,0,-,,,02월 03일,1
68906,2025,KT,0.182,9,11,0,2,0,0,0,0,0,1,0,0,0.182,0.25,,,,,,,,,,,,,,,,,
66064,2025,KT,0.32,28,,24,40,,,1,,,19,0,19,,,,,,,,6.75,,,3,0,0,3,1,,,30 2/3,23
67025,2025,KT,0.239,95,331,48,79,20,0,14,43,1,,,,,,384,141,1,0,4,,,,,,,,,,,,
50007,2025,KT,0.254,54,122,14,31,6,0,2,19,3,16,3,28,0.352,0.35,,,,,,,,,,,,,,,,,
64007,2025,KT,0.216,76,171,22,37,6,1,5,20,1,,,,,,207,60,1,3,3,,,,,,,,,,,,
67419,2025,KT,,19,,,20,7,0,3,,,,,,,,,,,,,3.25,0,0,1,0,0,0,1,118,514,27 2/3,
55046,2025,KT,,6,,,4,0,0,1,,,,,,,,,,,,,2.7,0,0,0,0,0,0,-,28,117,6 2/3,
55004,2025,KT,0.244,40,82,19,20,7,0,0,10,1,10,3,18,0.329,0.34,,,,,,,,,,,,,,,,,
69056,2025,KT,0.263,19,19,5,5,1,1,0,1,0,,,,,,21,8,1,0,0,,,,,,,,,,,,
52060,2025,KT,,65,,,66,10,1,9,,,,,,,,,,,,,3.55,0,0,5,6,35,1,0.455,293,1177,66,
55002,2025,KT,0.167,11,,4,5,,,1,,,8,1,4,,,,,,,,4.32,,,0,0,1,1,-,,,8 1/3,4
54009,2025,KT,0.257,22,35,6,9,1,0,0,4,0,3,2,7,0.286,0.35,,,,,,,,,,,,,,,,,
64166,2025,KT,0.205,96,239,25,49,11,2,2,28,6,,,,,,274,70,3,7,3,,,,,,,,,,,,
65516,2025,KT,,8,,,38,5,1,2,,,,,,,,,,,,,5.67,0,0,2,3,0,0,0.4,127,514,27,
55012,2025,KT,0,2,,0,0,,,0,,,1,0,2,,,,,,,,0,,,0,0,0,1,-,,,1,0
50109,2025,KT,0.356,28,,24,36,,,4,,,14,0,15,,,,,,,,8.22,,,1,2,1,7,0.333,,,23,21
50030,2025,KT,,25,,,149,24,2,6,,,,,,,,,,,,,3.25,0,0,9,7,1,0,0.563,593,2122,141 1/3,
69041,2025,KT,,58,,,66,16,1,6,,,,,,,,,,,,,3.84,0,0,5,0,1,13,1,257,938,58 2/3,
53057,2025,KT,0,5,5,0,0,0,0,0,0,0,1,0,1,0,0.167,,,,,,,,,,,,,,,,,
64012,2025,KT,-,3,0,0,0,0,0,0,0,0,,,,,,0,0,0,0,0,,,,,,,,,,,,
55013,2025,KT,0.263,36,137,24,36,11,0,2,11,2,,,,,,155,53,0,1,0,,,,,,,,,,,,
51057,2025,KT,0.232,27,69,12,16,5,0,0,5,1,6,0,22,0.304,0.289,,,,,,,,,,,,,,,,,
54007,2025,KT,0,1,2,0,0,0,0,0,0,0,0,0,1,0,0,,,,,,,,,,,,,,,,,
67006,2025,KT,0.227,47,44,9,10,1,0,1,6,0,,,,,,56,14,2,4,1,,,,,,,,,,,,
52001,2025,KT,0.329,109,383,70,126,18,4,22,78,7,,,,,,467,218,0,0,3,,,,,,,,,,,,
55005,2025,KT,-,3,0,0,0,0,0,0,0,0,,,,,,0,0,0,0,0,,,,,,,,,,,,
50859,2025,KT,,24,,,126,25,1,9,,,,,,,,,,,,,3.34,0,0,11,8,0,0,0.579,559,2167,132,
64504,2025,KT,0.256,77,156,30,40,8,1,0,19,0,,,,,,184,50,0,8,1,,,,,,,,,,,,
75334,2025,KT,0.175,20,57,6,10,2,0,0,9,0,7,1,14,0.211,0.277,,,,,,,,,,,,,,,,,
73117,2025,KT,,52,,,44,6,0,2,,,,,,,,,,,,,2.49,0,0,1,2,0,9,0.333,181,649,43 1/3,
52006,2025,KT,0,1,,1,0,,,0,,,2,0,0,,,,,,,,13.5,,,0,0,0,1,-,,,02월 03일,1
54063,2025,KT,,52,,,56,10,0,8,,,,,,,,,,,,,5.21,0,0,0,3,0,14,0,259,1009,57,
51013,2025,KT,0.118,33,34,12,4,2,0,0,3,2,,,,,,41,6,1,0,0,,,,,,,,,,,,
68801,2025,KT,0,1,,0,0,,,0,,,1,0,1,,,,,,,,0,,,1,0,0,0,1,,,1,0
54064,2025,KT,0.442,9,,13,19,,,2,,,6,0,8,,,,,,,,12.96,,,0,0,0,4,-,,,8 1/3,12
55007,2025,KT,0.294,26,,31,48,,,7,,,14,2,27,,,,,,,,5.4,,,2,4,1,3,0.333,,,40,24
50092,2025,KT,0.059,26,17,3,1,1,0,0,0,1,,,,,,18,2,0,1,0,,,,,,,,,,,,
69054,2025,KT,,39,,,31,6,0,4,,,,,,,,,,,,,2.61,0,0,3,0,0,5,1,162,623,41 1/3,
52063,2025,,,,,,,,,,,,,,,,,,,,,,,,,,,,,,,,,
69068,2025,,,,,,,,,,,,,,,,,,,,,,,,,,,,,,,,,
54012,2025,,,,,,,,,,,,,,,,,,,,,,,,,,,,,,,,,
55009,2025,KT,0.172,28,29,3,5,2,0,0,2,1,2,1,3,0.241,0.25,,,,,,,,,,,,,,,,,
54011,2025,KT,0.277,82,260,39,72,17,2,5,54,2,19,4,67,0.415,0.33,,,,,,,,,,,,,,,,,
55006,2025,KT,0.239,69,188,24,45,9,1,3,28,3,16,0,59,0.346,0.298,,,,,,,,,,,,,,,,,
67048,2025,KT,,6,,,9,3,0,0,,,,,,,,,,,,,16.62,0,0,0,0,0,0,-,27,100,4 1/3,
55003,2025,KT,0.221,39,77,5,17,4,0,0,11,0,12,2,23,0.273,0.337,,,,,,,,,,,,,,,,,
67644,2025,KT,0.252,58,131,20,33,4,0,4,14,0,,,,,,147,49,1,0,0,,,,,,,,,,,,
67066,2025,KT,0.279,19,,8,19,,,1,,,4,3,10,,,,,,,,3.71,,,0,1,0,1,0,,,17,7
53005,2025,KT,0.316,5,,2,6,,,0,,,0,0,5,,,,,,,,4.15,,,0,0,0,1,-,,,4 1/3,2
68896,2025,KT,,10,,,12,3,2,1,,,,,,,,,,,,,6.17,0,0,0,0,0,0,-,53,195,11 2/3,
69623,2025,KT,0.3,21,,15,24,,,0,,,17,0,10,,,,,,,,6.64,,,1,0,0,5,1,,,20 1/3,15
54014,2025,KT,0.286,9,,9,10,,,0,,,4,0,6,,,,,,,,8.64,,,1,1,0,1,0.5,,,8 1/3,8
68504,2025,KT,0.338,31,68,8,23,7,0,1,8,0,,,,,,73,33,0,1,0,,,,,,,,,,,,
69113,2025,KT,,10,,,11,1,0,0,,,,,,,,,,,,,5.19,0,0,0,0,0,0,-,42,179,8 2/3,
55010,2025,KT,0.359,22,,19,28,,,1,,,7,0,13,,,,,,,,5.09,,,0,2,1,1,0,,,17 2/3,10
78548,2025,KT,0.252,126,401,43,101,13,0,14,58,0,,,,,,466,156,1,2,8,,,,,,,,,,,,
64115,2025,KT,0.207,70,135,9,28,3,0,1,11,0,,,,,,148,34,0,4,1,,,,,,,,,,,,
66706,2025,KT,0.203,84,138,19,28,3,1,4,18,1,,,,,,155,45,0,4,1,,,,,,,,,,,,
69047,2025,KT,,21,,,18,4,0,0,,,,,,,,,,,,,3.95,0,0,0,1,0,4,0,66,257,13 2/3,
55008,2025,KT,0.259,50,85,25,22,4,2,2,12,5,16,2,15,0.424,0.385,,,,,,,,,,,,,,,,,
55011,2025,KT,0.222,4,,3,2,,,0,,,2,0,0,,,,,,,,10.13,,,1,0,0,0,1,,,2 2/3,3
52007,2025,,,,,,,,,,,,,,,,,,,,,,,,,,,,,,,,,
68089,2025,KT,0.187,63,75,7,14,4,0,0,11,0,,,,,,90,18,0,6,0,,,,,,,,,,,,
64768,2025,KT,,3,,,17,2,1,2,,,,,,,,,,,,,5.4,0,0,1,2,0,0,0.333,50,173,11 2/3,
65060,2025,KT,,34,,,48,2,0,3,,,,,,,,,,,,,4.43,0,0,0,1,0,0,0,176,634,40 2/3,
51060,2025,,,,,,,,,,,,,,,,,,,,,,,,,,,,,,,,,
79140,2025,KT,,20,,,27,5,1,4,,,,,,,,,,,,,8.68,0,0,1,1,0,0,0.5,91,326,18 2/3,
52008,2025,KT,0.204,43,108,19,22,1,2,2,9,0,13,3,26,0.306,0.299,,,,,,,,,,,,,,,,,
51007,2025,KT,0.105,32,19,3,2,0,0,0,2,1,,,,,,21,2,0,1,0,,,,,,,,,,,,
50650,2025,KT,,7,,,13,1,0,0,,,,,,,,,,,,,2,0,0,1,0,0,0,1,39,128,9,
69032,2025,KT,,18,,,104,14,2,13,,,,,,,,,,,,,5.4,0,0,3,10,0,0,0.231,445,1663,98 1/3,
55032,2025,KT,,13,,,57,9,2,2,,,,,,,,,,,,,3.46,0,0,3,3,0,2,0.5,233,870,52,
52065,2025,KT,0,2,,4,0,,,0,,,5,0,2,,,,,,,,36,,,0,0,0,0,-,,,1,4
51058,2025,KT,,2,,,4,0,0,0,,,,,,,,,,,,,16.2,0,0,0,0,0,0,-,11,40,1 2/3,
79240,2025,KT,0.284,111,408,44,116,17,0,4,40,4,,,,,,467,145,1,3,3,,,,,,,,,,,,
54354,2025,KT,,31,,,168,22,2,15,,,,,,,,,,,,,3.94,0,0,9,9,0,1,0.5,694,2652,160,
76313,2025,KT,0.274,109,372,48,102,18,0,6,43,3,,,,,,410,138,1,1,2,,,,,,,,,,,,
50905,2025,NC,0.324,7,,25,24,,,3,,,17,4,9,,,,,,,,9.82,,,0,2,0,0,0,,,18 1/3,20
54908,2025,NC,0.25,15,8,4,2,0,0,0,0,1,,,,,,9,2,1,0,0,,,,,,,,,,,,
65933,2025,NC,,3,,,13,3,0,1,,,,,,,,,,,,,3.48,0,0,0,0,0,0,-,43,172,10 1/3,
63963,2025,NC,0.24,132,346,54,83,24,0,6,37,5,,,,,,439,125,5,4,2,,,,,,,,,,,,
52995,2025,NC,,21,,,75,13,1,10,,,,,,,,,,,,,6.56,0,0,3,4,0,1,0.429,327,1290,70,
55933,2025,NC,0.229,19,35,7,8,3,0,0,11,0,4,2,10,0.314,0.333,,,,,,,,,,,,,,,,,
54913,2025,NC,,7,,,5,2,0,0,,,,,,,,,,,,,7.71,0,0,0,0,0,1,-,23,96,4 2/3,
54901,2025,NC,0.389,3,,4,7,,,2,,,2,1,5,,,,,,,,10.8,,,0,0,0,0,-,,,3 1/3,4
69980,2025,NC,0,1,1,0,0,0,0,0,0,0,,,,,,1,0,0,0,0,,,,,,,,,,,,
54905,2025,NC,0.259,78,193,36,50,10,1,6,35,2,33,1,30,0.415,0.365,,,,,,,,,,,,,,,,,
68900,2025,NC,,44,,,39,4,0,3,,,,,,,,,,,,,3.07,0,0,3,3,0,21,0.5,178,709,41,
64580,2025,NC,,22,,,32,6,1,5,,,,,,,,,,,,,6.23,0,0,0,0,0,2,-,111,402,21 2/3,
51903,2025,NC,0.444,7,9,2,4,0,0,0,0,0,,,,,,10,4,0,1,0,,,,,,,,,,,,
51907,2025,NC,0.293,140,522,94,153,25,8,15,65,40,,,,,,604,239,11,4,2,,,,,,,,,,,,
54910,2025,NC,0.259,32,,13,30,,,0,,,27,2,25,,,,,,,,3.34,,,5,1,0,4,0.833,,,32 1/3,12
51901,2025,,,,,,,,,,,,,,,,,,,,,,,,,,,,,,,,,
67954,2025,NC,,75,,,52,12,1,5,,,,,,,,,,,,,3.42,0,0,4,3,6,20,0.571,311,1282,71,
50992,2025,NC,,5,,,17,3,0,4,,,,,,,,,,,,,11.7,0,0,0,0,0,1,-,57,245,10,
67956,2025,NC,,5,,,5,1,0,2,,,,,,,,,,,,,12,0,0,0,0,0,1,-,17,69,3,
54912,2025,NC,0.167,10,12,1,2,1,0,0,1,0,3,0,1,0.25,0.333,,,,,,,,,,,,,,,,,
55995,2025,NC,,18,,,17,2,0,4,,,,,,,,,,,,,5.21,0,0,0,0,0,0,-,94,356,19,
50902,2025,NC,0.313,73,64,13,20,2,0,0,5,1,,,,,,72,22,0,2,0,,,,,,,,,,,,
68912,2025,NC,0.239,123,347,51,83,10,1,18,53,3,,,,,,398,149,0,2,2,,,,,,,,,,,,
54959,2025,NC,0.176,5,,13,12,,,2,,,14,2,17,,,,,,,,4.19,,,0,1,0,1,0,,,19 1/3,9
51344,2025,NC,0.24,138,416,61,100,18,1,16,52,10,,,,,,483,168,1,2,2,,,,,,,,,,,,
53914,2025,NC,0.294,40,,29,52,,,9,,,13,0,32,,,,,,,,4.6,,,5,4,5,2,0.556,,,45,23
54944,2025,NC,,1,,,0,0,0,0,,,,,,,,,,,,,0,0,0,0,0,0,0,-,1,2,01월 03일,
66965,2025,NC,,1,,,3,0,0,1,,,,,,,,,,,,,9,0,0,0,0,0,0,-,6,16,1,
55903,2025,NC,,29,,,131,25,2,17,,,,,,,,,,,,,3.51,0,0,16,7,0,0,0.696,687,2830,166 2/3,
55912,2025,NC,,31,,,175,30,2,17,,,,,,,,,,,,,4.55,0,0,6,12,0,0,0.333,745,2946,166,
65949,2025,NC,,62,,,50,7,1,6,,,,,,,,,,,,,3.27,0,0,4,3,29,0,0.571,275,1061,66,
53973,2025,NC,,16,,,68,8,3,6,,,,,,,,,,,,,6.05,0,0,3,5,0,0,0.375,280,1115,58,
79215,2025,NC,0.288,120,371,41,107,23,1,8,64,6,,,,,,427,156,4,1,5,,,,,,,,,,,,
52994,2025,NC,0.227,22,,13,17,,,2,,,8,4,14,,,,,,,,5.66,,,4,3,1,3,0.571,,,20 2/3,13
62907,2025,NC,0.302,116,404,64,122,25,8,3,67,28,,,,,,467,172,8,4,4,,,,,,,,,,,,
52980,2025,NC,0.235,19,51,7,12,1,0,0,4,0,5,2,8,0.255,0.322,,,,,,,,,,,,,,,,,
62244,2025,NC,0.163,48,86,8,14,3,0,2,10,1,,,,,,93,23,0,0,1,,,,,,,,,,,,
50996,2025,NC,0.204,52,54,12,11,2,0,1,4,1,,,,,,60,16,0,1,0,,,,,,,,,,,,
50906,2025,NC,0.25,15,4,8,1,0,0,0,1,4,,,,,,5,1,1,0,0,,,,,,,,,,,,
54911,2025,NC,0.232,57,112,22,26,5,0,5,20,4,20,3,25,0.411,0.36,,,,,,,,,,,,,,,,,
69900,2025,NC,0.354,64,161,31,57,5,0,1,18,4,19,2,26,0.404,0.426,,,,,,,,,,,,,,,,,
68097,2025,NC,0.188,6,,2,3,,,0,,,2,0,3,,,,,,,,2.25,,,0,1,0,0,0,,,4,1
69994,2025,NC,0.358,31,,33,44,,,2,,,20,1,22,,,,,,,,8.26,,,0,1,0,3,0,,,28 1/3,26
53992,2025,NC,0.118,8,17,2,2,0,0,2,3,0,,,,,,19,8,0,0,0,,,,,,,,,,,,
64995,2025,NC,,68,,,47,6,1,3,,,,,,,,,,,,,4.27,0,0,2,4,2,24,0.333,264,1085,59,
53999,2025,,,,,,,,,,,,,,,,,,,,,,,,,,,,,,,,,
66068,2025,NC,0.25,13,,8,9,,,1,,,12,1,5,,,,,,,,5.23,,,0,1,0,2,0,,,10 1/3,6
52906,2025,NC,0.26,31,73,12,19,4,1,1,9,1,6,1,16,0.384,0.313,,,,,,,,,,,,,,,,,
69995,2025,NC,0.266,99,248,19,66,7,1,2,25,7,,,,,,275,81,3,9,4,,,,,,,,,,,,
67962,2025,NC,,7,,,5,1,0,0,,,,,,,,,,,,,5.63,0,0,0,0,0,0,-,36,140,8,
54904,2025,NC,,50,,,52,5,0,4,,,,,,,,,,,,,4.41,0,0,6,1,0,7,0.857,215,772,49,
69203,2025,NC,0.2,13,15,0,3,1,0,0,2,0,,,,,,15,4,0,0,0,,,,,,,,,,,,
55917,2025,NC,0.295,21,44,7,13,1,0,0,6,0,7,2,8,0.318,0.415,,,,,,,,,,,,,,,,,
68902,2025,NC,,27,,,145,18,2,23,,,,,,,,,,,,,4.79,1,0,6,3,0,0,0.667,558,2257,129 2/3,
53989,2025,NC,0.345,41,110,19,38,4,4,1,18,1,15,1,14,0.482,0.425,,,,,,,,,,,,,,,,,
53919,2025,NC,,8,,,8,2,0,2,,,,,,,,,,,,,7.53,0,0,1,3,0,0,0.25,68,307,14 1/3,
53991,2025,상무,0.2,36,75,8,15,4,0,4,15,0,1,0,22,0.413,0.208,,,,,,,,,,,,,,,,,
50901,2025,NC,0,4,6,0,0,0,0,0,1,0,,,,,,7,0,0,0,1,,,,,,,,,,,,
64022,2025,NC,0.143,33,49,2,7,3,0,0,6,0,,,,,,60,10,0,1,0,,,,,,,,,,,,
55920,2025,NC,0.25,7,12,2,3,1,0,0,0,0,0,0,2,0.333,0.25,,,,,,,,,,,,,,,,,
68904,2025,NC,0.235,65,153,13,36,5,0,3,23,2,,,,,,176,50,2,0,0,,,,,,,,,,,,
51991,2025,NC,0.571,1,,4,4,,,0,,,2,0,1,,,,,,,,36,,,0,0,0,0,-,,,1,4
51996,2025,NC,0.25,14,12,6,3,0,0,0,1,2,,,,,,13,3,1,0,0,,,,,,,,,,,,
54906,2025,NC,0.325,9,,26,39,,,2,,,12,8,21,,,,,,,,8.26,,,1,1,0,0,0.5,,,28 1/3,26
55925,2025,NC,0.138,13,29,4,4,1,0,0,1,3,1,0,8,0.172,0.167,,,,,,,,,,,,,,,,,
55997,2025,NC,0.248,8,,21,31,,,5,,,21,2,28,,,,,,,,5.45,,,2,2,0,0,0.5,,,33,20
77211,2025,NC,,12,,,23,4,0,1,,,,,,,,,,,,,10.57,0,0,1,2,0,1,0.333,83,334,15 1/3,
63260,2025,NC,0.247,102,292,26,72,20,1,3,31,2,,,,,,329,103,1,1,3,,,,,,,,,,,,
60263,2025,,,,,,,,,,,,,,,,,,,,,,,,,,,,,,,,,
52992,2025,NC,,25,,,43,7,1,8,,,,,,,,,,,,,7.3,0,0,1,3,0,0,0.25,170,699,37,
52907,2025,NC,0.262,19,42,6,11,2,3,1,10,0,4,0,6,0.524,0.326,,,,,,,,,,,,,,,,,
54900,2025,NC,,1,,,2,1,0,0,,,,,,,,,,,,,18,0,0,0,0,0,0,-,8,34,1,
63959,2025,NC,,31,,,18,3,1,3,,,,,,,,,,,,,4.82,0,0,1,1,0,4,0.5,88,336,18 2/3,
52902,2025,NC,,4,,,1,0,0,0,,,,,,,,,,,,,7.71,0,0,0,1,0,1,0,13,56,2 1/3,
50900,2025,NC,0.333,5,,10,6,,,0,,,12,0,3,,,,,,,,19.29,,,1,0,0,0,1,,,4 2/3,10
55993,2025,NC,0.196,29,46,13,9,0,0,0,4,5,9,1,10,0.196,0.333,,,,,,,,,,,,,,,,,
69204,2025,NC,0.212,25,,24,22,,,2,,,34,5,19,,,,,,,,6.37,,,5,2,0,3,0.714,,,29 2/3,21
69969,2025,NC,,72,,,84,12,2,2,,,,,,,,,,,,,4.29,0,0,7,7,2,12,0.5,355,1275,77 2/3,
50995,2025,,,,,,,,,,,,,,,,,,,,,,,,,,,,,,,,,
53995,2025,,,,,,,,,,,,,,,,,,,,,,,,,,,,,,,,,
52903,2025,NC,,6,,,12,2,0,3,,,,,,,,,,,,,6.92,0,0,0,1,0,0,0,61,258,13,
55927,2025,NC,0.333,6,18,2,6,2,0,0,1,0,1,0,2,0.444,0.368,,,,,,,,,,,,,,,,,
54907,2025,NC,0.222,4,9,2,2,0,0,0,1,0,2,0,2,0.222,0.364,,,,,,,,,,,,,,,,,
52908,2025,NC,0.269,52,130,16,35,7,1,3,16,3,11,2,35,0.408,0.336,,,,,,,,,,,,,,,,,
67905,2025,NC,0.226,125,248,46,56,8,3,6,26,15,,,,,,279,88,4,6,3,,,,,,,,,,,,
68909,2025,NC,0.275,20,51,8,14,6,0,0,2,1,3,1,7,0.392,0.327,,,,,,,,,,,,,,,,,
66920,2025,NC,,35,,,62,13,2,6,,,,,,,,,,,,,6.23,0,0,2,2,0,4,0.5,228,921,47 2/3,
54903,2025,NC,,11,,,21,5,0,1,,,,,,,,,,,,,8.1,0,0,0,0,0,0,-,69,259,13 1/3,
66606,2025,NC,0.23,122,400,57,92,11,3,6,41,24,,,,,,435,127,7,2,5,,,,,,,,,,,,
55913,2025,NC,0.273,5,,4,6,,,0,,,3,0,3,,,,,,,,6,,,0,1,0,0,0,,,6,4
69992,2025,NC,0.275,91,120,40,33,3,0,0,11,30,,,,,,155,36,6,4,1,,,,,,,,,,,,
68639,2025,NC,,9,,,9,3,0,0,,,,,,,,,,,,,6.75,0,0,1,1,0,1,0.5,32,123,5 1/3,
64101,2025,NC,0.189,57,111,16,21,4,0,3,20,1,,,,,,136,34,1,4,2,,,,,,,,,,,,
50903,2025,NC,0.185,16,27,2,5,0,0,0,4,0,,,,,,31,5,0,0,0,,,,,,,,,,,,
54902,2025,NC,0.667,1,,3,4,,,0,,,2,0,0,,,,,,,,40.5,,,0,0,0,0,-,,,02월 03일,3
55996,2025,NC,0.29,12,,19,29,,,5,,,7,2,24,,,,,,,,6.12,,,0,2,0,0,0,,,25,17
50600,2025,NC,0.167,60,72,16,12,0,0,0,3,1,,,,,,84,12,2,4,1,,,,,,,,,,,,
55532,2025,롯데,,19,,,97,16,0,6,,,,,,,,,,,,,3.58,0,0,7,8,0,0,0.467,475,1866,108,
54567,2025,롯데,-,1,0,0,0,0,0,0,0,0,,,,,,0,0,1,0,0,,,,,,,,,,,,
54506,2025,롯데,0,1,1,0,0,0,0,0,0,0,,,,,,1,0,0,0,0,,,,,,,,,,,,
69517,2025,롯데,0.275,119,462,71,127,21,2,4,45,5,,,,,,530,164,1,6,4,,,,,,,,,,,,
63543,2025,롯데,,11,,,9,1,1,1,,,,,,,,,,,,,7,0,0,0,1,0,1,0,45,187,9,
65522,2025,롯데,,67,,,69,15,1,9,,,,,,,,,,,,,4,0,0,2,2,0,4,0.5,306,1135,72,
53540,2025,롯데,0.143,4,,5,6,,,1,,,6,1,8,,,,,,,,2.25,,,0,1,0,0,0,,,12,3
54511,2025,롯데,0.245,67,184,32,45,11,1,7,27,4,23,3,42,0.429,0.333,,,,,,,,,,,,,,,,,
68585,2025,롯데,0.6,3,,9,9,,,0,,,5,2,0,,,,,,,,18.9,,,0,1,0,0,0,,,3 1/3,7
69592,2025,롯데,0.282,65,163,35,46,6,0,10,38,2,20,4,37,0.503,0.372,,,,,,,,,,,,,,,,,
52504,2025,롯데,0.225,92,89,19,20,4,1,0,6,13,,,,,,114,26,4,4,0,,,,,,,,,,,,
55502,2025,롯데,0.305,75,259,50,79,20,0,11,67,0,52,1,53,0.51,0.415,,,,,,,,,,,,,,,,,
77564,2025,롯데,0.248,94,210,25,52,13,0,3,35,0,,,,,,249,74,1,2,1,,,,,,,,,,,,
76430,2025,롯데,,44,,,47,10,0,4,,,,,,,,,,,,,6.56,0,0,0,1,2,3,0,176,629,35 2/3,
52514,2025,롯데,0.265,67,170,31,45,5,3,5,28,7,17,1,29,0.418,0.333,,,,,,,,,,,,,,,,,
62528,2025,롯데,,52,,,54,10,2,4,,,,,,,,,,,,,2.58,0,0,4,2,32,0,0.667,263,1087,59 1/3,
51516,2025,롯데,,14,,,42,6,0,10,,,,,,,,,,,,,10,0,0,1,3,0,0,0.25,136,544,27,
51586,2025,,,,,,,,,,,,,,,,,,,,,,,,,,,,,,,,,
55507,2025,,,,,,,,,,,,,,,,,,,,,,,,,,,,,,,,,
55566,2025,롯데,,1,,,1,0,0,0,,,,,,,,,,,,,4.5,0,0,0,0,0,0,-,12,51,2,
55501,2025,롯데,0.32,3,,9,8,,,0,,,9,1,5,,,,,,,,12.79,,,0,1,0,0,0,,,6 1/3,9
67539,2025,롯데,,28,,,143,23,3,13,,,,,,,,,,,,,3.87,0,0,3,7,0,0,0.3,601,2328,137 1/3,
51551,2025,롯데,0.231,103,321,40,74,12,2,9,44,0,,,,,,385,117,0,3,1,,,,,,,,,,,,
62931,2025,롯데,0.258,27,62,11,16,1,2,1,5,0,,,,,,68,24,0,0,0,,,,,,,,,,,,
55536,2025,롯데,,22,,,123,20,2,10,,,,,,,,,,,,,3.65,0,0,10,5,0,0,0.667,529,2100,123 1/3,
54529,2025,롯데,0.329,142,565,75,186,43,1,13,106,7,,,,,,635,270,1,0,9,,,,,,,,,,,,
53597,2025,롯데,0.281,12,32,7,9,2,0,1,6,1,8,0,10,0.438,0.415,,,,,,,,,,,,,,,,,
55509,2025,롯데,0.667,6,3,1,2,0,0,0,1,0,,,,,,3,2,0,0,0,,,,,,,,,,,,
50563,2025,,,,,,,,,,,,,,,,,,,,,,,,,,,,,,,,,
64021,2025,롯데,,29,,,183,46,1,15,,,,,,,,,,,,,4.93,0,0,11,13,0,0,0.458,722,2694,160 2/3,
66047,2025,롯데,0.276,44,,31,51,,,3,,,28,5,46,,,,,,,,5.29,,,4,1,2,7,0.8,,,47 2/3,28
55568,2025,롯데,,3,,,8,5,0,1,,,,,,,,,,,,,14.73,0,0,0,0,0,0,-,21,65,3 2/3,
62802,2025,롯데,0.19,52,84,10,16,3,0,0,5,1,,,,,,92,19,1,2,0,,,,,,,,,,,,
60559,2025,롯데,,11,,,9,4,0,0,,,,,,,,,,,,,11.05,0,0,1,0,0,0,1,42,169,7 1/3,
69507,2025,,,,,,,,,,,,,,,,,,,,,,,,,,,,,,,,,
55563,2025,롯데,0.286,9,14,2,4,1,0,1,3,0,,,,,,16,8,0,0,0,,,,,,,,,,,,
54503,2025,롯데,,10,,,20,3,1,0,,,,,,,,,,,,,9.58,0,0,1,2,0,1,0.333,57,208,10 1/3,
55508,2025,롯데,0.311,59,135,26,42,7,1,0,17,5,10,10,14,0.378,0.392,,,,,,,,,,,,,,,,,
69594,2025,롯데,,50,,,72,9,3,10,,,,,,,,,,,,,5.18,0,0,3,2,1,3,0.6,286,1104,66,
63512,2025,롯데,,7,,,9,3,0,1,,,,,,,,,,,,,8.44,0,0,0,0,0,0,-,29,104,5 1/3,
55530,2025,롯데,0.341,47,129,20,44,8,2,3,19,1,,,,,,147,65,1,0,1,,,,,,,,,,,,
52528,2025,롯데,,8,,,47,14,2,4,,,,,,,,,,,,,5.32,0,0,3,4,0,0,0.429,204,761,45 2/3,
54504,2025,,,,,,,,,,,,,,,,,,,,,,,,,,,,,,,,,
53598,2025,롯데,0.294,45,102,20,30,5,0,2,14,7,12,6,7,0.402,0.393,,,,,,,,,,,,,,,,,
54507,2025,롯데,0.218,36,87,15,19,4,1,5,14,0,8,2,30,0.46,0.299,,,,,,,,,,,,,,,,,
55526,2025,롯데,,10,,,45,9,1,7,,,,,,,,,,,,,9.93,0,0,1,4,0,0,0.2,146,572,29,
53569,2025,,,,,,,,,,,,,,,,,,,,,,,,,,,,,,,,,
53560,2025,롯데,0.25,1,,0,1,,,0,,,1,0,0,,,,,,,,0,,,0,0,0,0,-,,,1,0
51528,2025,롯데,0.158,49,57,6,9,0,0,1,3,0,,,,,,64,12,0,2,0,,,,,,,,,,,,
50150,2025,롯데,0.252,96,325,39,82,12,0,4,41,7,,,,,,372,106,0,11,4,,,,,,,,,,,,
51594,2025,롯데,,45,,,19,4,0,3,,,,,,,,,,,,,4.05,0,0,1,0,0,3,1,120,488,26 2/3,
68067,2025,롯데,0.363,18,,28,41,,,3,,,10,7,15,,,,,,,,8.31,,,0,0,1,2,-,,,26,24
69508,2025,롯데,0.167,11,12,1,2,0,0,0,0,1,,,,,,13,2,0,1,0,,,,,,,,,,,,
64017,2025,롯데,,4,,,5,1,0,0,,,,,,,,,,,,,3,0,0,1,0,0,0,1,15,48,3,
52565,2025,,,,,,,,,,,,,,,,,,,,,,,,,,,,,,,,,
55514,2025,롯데,0.261,26,46,8,12,1,1,0,4,3,6,1,5,0.326,0.358,,,,,,,,,,,,,,,,,
61102,2025,롯데,0.274,110,303,35,83,18,0,5,38,0,,,,,,350,116,0,3,5,,,,,,,,,,,,
55512,2025,롯데,0.25,15,24,3,6,2,0,0,2,1,2,2,4,0.333,0.345,,,,,,,,,,,,,,,,,
52591,2025,롯데,0.282,97,330,54,93,21,1,9,53,4,,,,,,399,143,2,3,6,,,,,,,,,,,,
67588,2025,롯데,,30,,,24,6,0,3,,,,,,,,,,,,,7.71,0,0,1,2,0,0,0.333,123,498,25 2/3,
53505,2025,롯데,0.229,35,48,9,11,2,0,0,2,4,8,0,9,0.271,0.339,,,,,,,,,,,,,,,,,
52530,2025,롯데,,20,,,104,13,2,10,,,,,,,,,,,,,5.26,0,0,2,5,0,0,0.286,417,1596,87 1/3,
51592,2025,롯데,0.343,10,,38,47,,,1,,,27,10,28,,,,,,,,8.02,,,2,3,0,0,0.4,,,33 2/3,30
55513,2025,롯데,0.467,8,15,4,7,1,1,1,2,0,0,0,3,0.867,0.467,,,,,,,,,,,,,,,,,
68529,2025,,,,,,,,,,,,,,,,,,,,,,,,,,,,,,,,,
55503,2025,롯데,,3,,,5,1,0,1,,,,,,,,,,,,,9,0,0,0,0,0,0,-,11,43,2,
50608,2025,롯데,-,4,0,0,0,0,0,0,0,0,,,,,,0,0,0,0,0,,,,,,,,,,,,
51560,2025,롯데,0.297,25,74,11,22,2,0,5,16,0,2,3,14,0.527,0.329,,,,,,,,,,,,,,,,,
55511,2025,롯데,0,2,1,0,0,0,0,0,0,0,,,,,,1,0,0,0,0,,,,,,,,,,,,
54598,2025,롯데,0.242,98,132,20,32,7,4,3,23,1,,,,,,153,56,0,3,1,,,,,,,,,,,,
68507,2025,롯데,0.262,116,248,51,65,3,3,0,25,17,,,,,,284,74,5,7,2,,,,,,,,,,,,
53596,2025,롯데,0.25,1,,0,1,,,0,,,0,0,3,,,,,,,,0,,,0,0,0,0,-,,,1,0
68205,2025,롯데,0.291,99,326,39,95,15,0,5,34,3,,,,,,362,125,3,10,2,,,,,,,,,,,,
78513,2025,롯데,0.299,112,402,50,120,26,1,8,70,2,,,,,,464,172,1,3,6,,,,,,,,,,,,
68518,2025,롯데,0.186,92,129,4,24,4,1,1,15,0,,,,,,152,33,0,4,0,,,,,,,,,,,,
55515,2025,롯데,0.241,18,,20,20,,,5,,,13,0,13,,,,,,,,5.66,,,0,0,0,4,-,,,20 2/3,13
68556,2025,롯데,,2,,,3,1,0,1,,,,,,,,,,,,,3.86,0,0,0,0,0,0,-,10,37,2 1/3,
51546,2025,롯데,,3,,,6,3,0,0,,,,,,,,,,,,,5.4,0,0,0,0,0,0,-,16,58,3 1/3,
68242,2025,롯데,,74,,,71,13,1,4,,,,,,,,,,,,,4.3,0,0,8,3,0,21,0.727,308,1151,69,
54537,2025,롯데,,82,,,34,9,0,4,,,,,,,,,,,,,3.97,0,0,2,0,0,12,1,203,851,47 2/3,
60523,2025,롯데,0.217,76,184,14,40,11,0,2,11,0,,,,,,199,57,0,2,0,,,,,,,,,,,,
53504,2025,,,,,,,,,,,,,,,,,,,,,,,,,,,,,,,,,
55534,2025,롯데,0.308,3,13,1,4,1,0,0,4,0,0,0,0,0.385,0.308,,,,,,,,,,,,,,,,,
52516,2025,롯데,0.143,12,7,1,1,0,0,0,0,0,,,,,,9,1,0,0,0,,,,,,,,,,,,
55504,2025,,,,,,,,,,,,,,,,,,,,,,,,,,,,,,,,,
52558,2025,상무,0.195,26,,22,47,,,2,,,31,1,68,,,,,,,,2.42,,,7,1,0,1,0.875,,,67,18
76650,2025,롯데,0.333,1,,1,1,,,0,,,1,0,0,,,,,,,,9,,,0,0,0,1,-,,,1,1
55505,2025,롯데,0.667,6,6,1,4,0,0,0,4,0,0,0,1,0.667,0.667,,,,,,,,,,,,,,,,,
68036,2025,,,,,,,,,,,,,,,,,,,,,,,,,,,,,,,,,
50556,2025,롯데,,48,,,50,9,1,5,,,,,,,,,,,,,5.4,0,0,4,4,1,17,0.5,231,898,53 1/3,
62884,2025,롯데,0.167,8,6,1,1,0,0,0,1,0,,,,,,7,1,0,0,0,,,,,,,,,,,,
52560,2025,,,,,,,,,,,,,,,,,,,,,,,,,,,,,,,,,
55506,2025,롯데,0.059,19,17,1,1,0,0,0,1,1,,,,,,19,1,1,0,1,,,,,,,,,,,,
52568,2025,롯데,0.274,106,223,41,61,14,2,2,21,3,,,,,,259,85,2,3,0,,,,,,,,,,,,
62363,2025,롯데,,3,,,13,2,0,2,,,,,,,,,,,,,6.23,0,0,0,0,0,1,-,41,161,8 2/3,
68260,2025,롯데,0.341,27,,46,61,,,7,,,24,5,36,,,,,,,,9.36,,,1,1,1,3,0.5,,,41 1/3,43
50596,2025,롯데,,25,,,24,5,1,0,,,,,,,,,,,,,3.09,0,0,0,2,0,3,0,129,510,32,
50500,2025,롯데,0.26,77,242,43,63,4,4,1,22,25,,,,,,269,78,3,3,2,,,,,,,,,,,,
54607,2025,KIA,0.327,18,,53,64,,,11,,,35,2,36,,,,,,,,9.26,,,1,7,0,0,0.125,,,46 2/3,48
54613,2025,KIA,0.208,68,154,20,32,8,1,1,11,2,23,1,33,0.292,0.315,,,,,,,,,,,,,,,,,
52659,2025,,,,,,,,,,,,,,,,,,,,,,,,,,,,,,,,,
67604,2025,KIA,0.286,27,,23,26,,,1,,,25,6,21,,,,,,,,6.94,,,1,2,1,2,0.333,,,23 1/3,18
61353,2025,KIA,0.296,46,115,13,34,2,0,3,16,2,,,,,,123,45,1,0,3,,,,,,,,,,,,
53609,2025,KIA,,9,,,3,0,0,0,,,,,,,,,,,,,13.5,0,0,0,0,0,3,-,22,99,4,
51640,2025,KIA,0.226,21,53,7,12,1,0,1,6,0,5,0,15,0.302,0.293,,,,,,,,,,,,,,,,,
76225,2025,KIA,,26,,,59,9,0,11,,,,,,,,,,,,,6.85,0,0,0,3,0,1,0,216,841,46,
55618,2025,KIA,0.331,14,,32,59,,,7,,,10,2,31,,,,,,,,6.25,,,2,5,0,0,0.286,,,40 1/3,28
66614,2025,KIA,0.235,128,179,28,42,4,0,2,14,5,,,,,,207,52,2,5,0,,,,,,,,,,,,
69620,2025,KIA,,20,,,20,8,1,1,,,,,,,,,,,,,3,0,0,1,1,0,0,0.5,100,398,24,
60337,2025,KIA,,15,,,12,1,0,1,,,,,,,,,,,,,9.72,0,0,0,1,0,1,0,42,140,8 1/3,
52605,2025,KIA,0.309,30,110,20,34,9,0,7,27,3,,,,,,122,64,0,0,2,,,,,,,,,,,,
69745,2025,KIA,,24,,,149,28,4,11,,,,,,,,,,,,,4.81,0,0,4,7,0,0,0.364,561,2068,125 1/3,
54614,2025,상무,0.231,47,78,13,18,1,0,1,8,1,8,3,13,0.282,0.322,,,,,,,,,,,,,,,,,
69627,2025,KIA,0.086,17,35,0,3,0,1,0,3,2,2,0,10,0.143,0.135,,,,,,,,,,,,,,,,,
54608,2025,KIA,,1,,,2,0,0,0,,,,,,,,,,,,,0,0,0,0,0,0,0,-,8,21,2,
54645,2025,KIA,,3,,,4,1,1,0,,,,,,,,,,,,,12,0,0,0,0,0,0,-,17,54,3,
63894,2025,,,,,,,,,,,,,,,,,,,,,,,,,,,,,,,,,
67610,2025,KIA,0.265,47,117,14,31,1,2,2,16,0,,,,,,134,42,0,0,1,,,,,,,,,,,,
78603,2025,KIA,0.316,82,269,31,85,18,1,3,43,4,,,,,,305,114,0,2,1,,,,,,,,,,,,
51604,2025,KIA,0.2,27,40,5,8,2,0,0,5,0,6,1,13,0.25,0.319,,,,,,,,,,,,,,,,,
53637,2025,KIA,0.318,13,,20,14,,,1,,,18,3,15,,,,,,,,16.76,,,0,0,0,0,-,,,9 2/3,18
66492,2025,KIA,0.348,11,,20,23,,,0,,,19,2,10,,,,,,,,11.49,,,0,1,0,1,0,,,15 2/3,20
68928,2025,KIA,,21,,,32,6,0,7,,,,,,,,,,,,,9,0,0,1,0,0,1,1,108,408,23,
50613,2025,KIA,0.25,3,,2,2,,,1,,,1,0,1,,,,,,,,10.8,,,0,0,0,0,-,,,1 2/3,2
53619,2025,KIA,0.253,58,146,25,37,7,3,0,11,6,16,1,37,0.342,0.331,,,,,,,,,,,,,,,,,
55646,2025,KIA,,2,,,0,0,0,0,,,,,,,,,,,,,18,0,0,0,0,0,0,-,5,21,1,
78122,2025,KIA,0.258,100,236,20,61,10,1,5,31,0,,,,,,274,88,0,8,3,,,,,,,,,,,,
55610,2025,KIA,,7,,,20,2,0,3,,,,,,,,,,,,,3.72,0,0,0,2,0,0,0,87,330,19 1/3,
69516,2025,KIA,,16,,,12,1,1,2,,,,,,,,,,,,,1.72,0,0,0,0,0,0,-,73,269,15 2/3,
65653,2025,KIA,0.275,100,316,42,87,26,3,6,39,11,,,,,,364,137,1,8,1,,,,,,,,,,,,
62947,2025,KIA,0.274,77,252,27,69,16,0,9,35,0,,,,,,298,112,0,0,1,,,,,,,,,,,,
55629,2025,KIA,0.327,11,,19,18,,,3,,,19,1,9,,,,,,,,12,,,0,0,0,1,-,,,12,16
54640,2025,KIA,,27,,,135,18,1,6,,,,,,,,,,,,,2.25,0,0,8,4,0,0,0.667,664,2521,164 1/3,
51645,2025,KIA,0.269,4,,12,7,,,1,,,11,5,3,,,,,,,,15.43,,,0,2,0,0,0,,,7,12
50657,2025,KIA,0.211,68,90,11,19,5,0,1,6,1,,,,,,101,27,0,3,0,,,,,,,,,,,,
52634,2025,KIA,0.28,36,107,18,30,3,0,5,25,0,19,0,21,0.449,0.383,,,,,,,,,,,,,,,,,
55636,2025,KIA,0.077,53,52,9,4,1,0,0,3,4,,,,,,59,5,3,0,1,,,,,,,,,,,,
67609,2025,KIA,0.274,53,62,17,17,2,0,0,4,2,,,,,,75,19,1,0,0,,,,,,,,,,,,
63638,2025,KIA,0.382,18,,21,34,,,4,,,7,2,10,,,,,,,,6.27,,,0,0,1,2,-,,,18 2/3,13
64646,2025,KIA,0.289,130,502,74,145,18,2,5,40,26,,,,,,580,182,6,8,5,,,,,,,,,,,,
55637,2025,KIA,0,4,6,0,0,0,0,0,0,0,,,,,,8,0,0,0,0,,,,,,,,,,,,
69727,2025,KIA,0.218,47,142,11,31,7,0,0,17,0,,,,,,153,38,0,0,0,,,,,,,,,,,,
78168,2025,KIA,0.136,10,22,1,3,1,0,1,2,1,,,,,,26,7,0,2,0,,,,,,,,,,,,
54610,2025,KIA,,45,,,38,6,0,2,,,,,,,,,,,,,1.55,0,0,3,2,0,7,0.6,198,753,52 1/3,
52642,2025,KIA,0.311,35,74,15,23,5,0,5,12,0,15,6,17,0.581,0.458,,,,,,,,,,,,,,,,,
55659,2025,KIA,0.231,8,,4,6,,,1,,,6,1,9,,,,,,,,4.7,,,0,1,1,0,0,,,7 2/3,4
77637,2025,KIA,,29,,,162,21,3,11,,,,,,,,,,,,,4.67,0,0,7,9,0,0,0.438,658,2427,150 1/3,
55631,2025,KIA,0.172,25,64,10,11,1,0,1,7,2,7,1,16,0.234,0.264,,,,,,,,,,,,,,,,,
68330,2025,KIA,0.289,77,211,40,61,14,0,2,33,4,39,4,36,0.384,0.408,,,,,,,,,,,,,,,,,
50622,2025,,,,,,,,,,,,,,,,,,,,,,,,,,,,,,,,,
69636,2025,KIA,0.264,119,420,58,111,17,1,18,53,0,,,,,,456,184,2,0,0,,,,,,,,,,,,
68614,2025,KIA,0.217,52,138,25,30,6,1,0,8,9,25,3,32,0.275,0.347,,,,,,,,,,,,,,,,,
55633,2025,KIA,,25,,,118,24,3,8,,,,,,,,,,,,,3.44,1,0,11,6,0,0,0.647,598,2404,144,
55645,2025,KIA,0.233,115,412,70,96,19,1,33,81,3,,,,,,472,216,0,0,6,,,,,,,,,,,,
67640,2025,KIA,,1,,,3,0,0,0,,,,,,,,,,,,,4.5,0,0,0,0,0,0,-,11,40,2,
50604,2025,KIA,,1,,,0,0,0,0,,,,,,,,,,,,,0,0,0,0,0,0,0,-,3,10,1,
52667,2025,KIA,0.27,36,137,22,37,7,0,5,12,2,,,,,,147,59,1,2,0,,,,,,,,,,,,
53613,2025,KIA,,13,,,52,7,0,4,,,,,,,,,,,,,5.58,0,0,2,7,0,0,0.222,227,888,50,
68619,2025,KIA,,13,,,10,4,0,2,,,,,,,,,,,,,4.35,0,0,1,0,0,0,1,48,159,10 1/3,
53615,2025,KIA,,5,,,12,4,0,1,,,,,,,,,,,,,11.25,0,0,0,1,0,0,0,45,173,8,
54644,2025,KIA,0.308,21,26,5,8,0,1,2,6,1,5,0,3,0.615,0.406,,,,,,,,,,,,,,,,,
55632,2025,KIA,,2,,,1,0,0,0,,,,,,,,,,,,,36,0,0,0,0,0,0,-,7,27,1,
51668,2025,KIA,0.357,4,,3,5,,,1,,,3,1,2,,,,,,,,4.5,,,0,0,0,0,-,,,4,2
51605,2025,KIA,0.214,82,257,37,55,9,0,13,43,0,22,3,70,0.401,0.282,,,,,,,,,,,,,,,,,
51648,2025,KIA,,9,,,36,8,3,5,,,,,,,,,,,,,7.82,0,0,1,3,0,0,0.25,171,703,35 2/3,
51602,2025,KIA,0.167,18,30,4,5,2,0,0,0,0,2,2,7,0.233,0.265,,,,,,,,,,,,,,,,,
65665,2025,KIA,,55,,,35,10,0,6,,,,,,,,,,,,,4.96,0,0,3,1,0,7,0.75,140,559,32 2/3,
64560,2025,KIA,0.161,37,93,11,15,3,0,1,9,0,,,,,,113,21,2,1,1,,,,,,,,,,,,
62951,2025,KIA,,12,,,21,6,1,0,,,,,,,,,,,,,11.7,0,0,0,0,0,0,-,56,209,10,
55663,2025,KIA,,13,,,21,5,0,0,,,,,,,,,,,,,8.59,0,0,1,0,0,0,1,72,259,14 2/3,
62754,2025,KIA,,10,,,23,4,0,2,,,,,,,,,,,,,13,0,0,1,1,0,0,0.5,52,176,9,
55630,2025,KIA,0.538,4,,11,7,,,3,,,12,0,1,,,,,,,,42.43,,,0,0,0,0,-,,,2 1/3,11
51665,2025,KIA,0.236,15,,26,26,,,2,,,39,9,35,,,,,,,,7.39,,,0,0,0,0,-,,,31 2/3,26
51603,2025,KIA,0.159,82,107,25,17,3,0,0,9,1,23,2,23,0.187,0.316,,,,,,,,,,,,,,,,,
50641,2025,KIA,,3,,,3,0,0,1,,,,,,,,,,,,,6,0,0,0,0,0,0,-,13,63,3,
66609,2025,KIA,,73,,,64,15,0,4,,,,,,,,,,,,,3.39,0,0,7,5,1,25,0.583,287,1034,69,
50662,2025,KIA,,59,,,75,13,0,4,,,,,,,,,,,,,3.86,0,0,2,7,27,0,0.222,272,1108,60 2/3,
53659,2025,KIA,0.097,20,31,5,3,0,0,0,0,0,,,,,,36,3,0,0,0,,,,,,,,,,,,
55926,2025,KIA,0.25,13,8,1,2,0,0,0,0,0,,,,,,9,2,1,0,0,,,,,,,,,,,,
54667,2025,KIA,0.579,2,,10,11,,,1,,,4,1,3,,,,,,,,24.55,,,0,2,0,0,0,,,3 2/3,10
63342,2025,KIA,,71,,,62,14,0,5,,,,,,,,,,,,,3.97,0,0,6,6,1,28,0.5,267,1095,59,
66354,2025,KIA,0.2,4,5,0,1,1,0,0,0,0,,,,,,6,2,0,0,0,,,,,,,,,,,,
55628,2025,KIA,0.436,20,,37,51,,,3,,,25,2,18,,,,,,,,12.3,,,1,4,0,0,0.2,,,26 1/3,36
65464,2025,KIA,0.167,4,6,0,1,0,0,0,0,0,,,,,,6,1,0,0,0,,,,,,,,,,,,
52639,2025,KIA,,64,,,40,5,0,5,,,,,,,,,,,,,5.75,0,0,2,4,0,9,0.333,241,988,51 2/3,
72443,2025,KIA,0.308,130,461,72,142,30,1,24,85,1,,,,,,541,246,0,0,5,,,,,,,,,,,,
52628,2025,KIA,0.208,31,72,11,15,0,0,2,8,1,13,0,28,0.292,0.318,,,,,,,,,,,,,,,,,
63722,2025,KIA,0.238,15,21,3,5,1,0,0,0,0,,,,,,23,6,0,0,0,,,,,,,,,,,,
51994,2025,KIA,,34,,,38,4,0,5,,,,,,,,,,,,,6.89,0,0,1,1,1,1,0.5,155,664,31 1/3,
68646,2025,KIA,0.222,98,230,33,51,12,1,7,25,0,,,,,,262,86,0,0,3,,,,,,,,,,,,
69643,2025,KIA,,2,,,2,0,0,0,,,,,,,,,,,,,27,0,0,0,0,0,0,-,11,36,1 2/3,
65610,2025,KIA,0.189,18,53,3,10,3,0,1,8,0,,,,,,57,16,0,0,1,,,,,,,,,,,,
52641,2025,KIA,,15,,,35,14,1,4,,,,,,,,,,,,,6.03,0,0,1,2,0,0,0.333,139,514,31 1/3,
52210,2025,두산,0.324,51,74,18,24,7,0,1,17,2,14,0,18,0.459,0.427,,,,,,,,,,,,,,,,,
63123,2025,두산,0.236,114,356,50,84,19,3,8,37,14,,,,,,396,133,3,2,3,,,,,,,,,,,,
51269,2025,두산,0,1,2,0,0,0,0,0,0,0,,,,,,2,0,0,0,0,,,,,,,,,,,,
72523,2025,두산,,45,,,29,2,1,4,,,,,,,,,,,,,6.86,0,0,2,1,0,9,0.667,104,441,21,
68220,2025,두산,,19,,,96,23,3,9,,,,,,,,,,,,,4.2,0,0,5,7,0,0,0.417,465,1804,109 1/3,
50203,2025,두산,0.272,21,,16,22,,,0,,,21,2,20,,,,,,,,6.53,,,1,1,1,3,0.5,,,20 2/3,15
66112,2025,두산,0.247,99,215,19,53,9,0,2,24,1,,,,,,241,68,0,4,2,,,,,,,,,,,,
69238,2025,두산,0.194,16,36,1,7,0,0,1,5,0,,,,,,37,10,1,0,0,,,,,,,,,,,,
51294,2025,두산,0.253,23,,21,21,,,1,,,21,6,21,,,,,,,,7.94,,,0,0,0,8,-,,,22 2/3,20
52267,2025,두산,0.237,36,93,8,22,3,0,2,10,1,,,,,,100,31,1,1,0,,,,,,,,,,,,
67246,2025,두산,,8,,,13,3,1,0,,,,,,,,,,,,,5.4,0,0,0,0,0,0,-,43,202,8 1/3,
54215,2025,,,,,,,,,,,,,,,,,,,,,,,,,,,,,,,,,
68200,2025,두산,,7,,,9,3,0,1,,,,,,,,,,,,,4.66,0,0,1,1,0,0,0.5,47,199,9 2/3,
53554,2025,두산,0.228,95,228,21,52,7,3,1,21,3,,,,,,247,68,2,2,3,,,,,,,,,,,,
65269,2025,두산,0.118,10,17,2,2,0,0,1,1,0,,,,,,21,5,0,0,0,,,,,,,,,,,,
55225,2025,두산,0.191,30,47,10,9,2,0,1,3,1,6,3,12,0.298,0.321,,,,,,,,,,,,,,,,,
55216,2025,두산,0,1,1,0,0,0,0,0,0,0,,,,,,1,0,0,0,0,,,,,,,,,,,,
53262,2025,두산,,7,,,17,2,0,3,,,,,,,,,,,,,8.83,0,0,0,2,0,0,0,85,385,17 1/3,
63257,2025,두산,0.213,106,183,17,39,10,1,3,25,0,,,,,,225,60,1,0,1,,,,,,,,,,,,
74206,2025,두산,-,1,0,0,0,0,0,0,0,0,,,,,,0,0,0,0,0,,,,,,,,,,,,
78224,2025,두산,0.239,102,343,42,82,12,2,13,50,7,,,,,,406,137,2,0,2,,,,,,,,,,,,
68830,2025,두산,,18,,,26,4,0,1,,,,,,,,,,,,,3.86,0,0,0,0,1,1,-,103,396,21,
55226,2025,두산,0.2,9,15,1,3,1,0,0,0,0,,,,,,17,4,0,1,0,,,,,,,,,,,,
55222,2025,두산,0.324,24,,28,55,,,1,,,23,3,27,,,,,,,,5.45,,,2,3,1,2,0.4,,,39 2/3,24
54217,2025,두산,0.462,5,,15,18,,,2,,,10,0,8,,,,,,,,16.88,,,0,0,0,0,-,,,8,15
54263,2025,두산,,63,,,47,6,0,6,,,,,,,,,,,,,3.58,0,0,4,5,24,0,0.444,278,1137,65 1/3,
55221,2025,두산,,2,,,1,1,0,0,,,,,,,,,,,,,0,0,0,0,0,0,0,-,8,25,2,
68269,2025,두산,,19,,,14,3,0,2,,,,,,,,,,,,,6.75,0,0,0,1,0,1,0,54,218,10 2/3,
69104,2025,두산,0.286,5,,9,4,,,1,,,11,1,3,,,,,,,,20.25,,,0,0,0,0,-,,,4,9
54219,2025,두산,0.136,17,22,2,3,0,0,0,1,0,,,,,,22,3,0,0,0,,,,,,,,,,,,
64468,2025,두산,0.264,93,174,23,46,9,2,1,27,3,,,,,,196,62,1,7,1,,,,,,,,,,,,
55223,2025,두산,0.5,2,,4,2,,,1,,,4,1,1,,,,,,,,54,,,0,0,0,0,-,,,02월 03일,4
53204,2025,두산,0,7,2,0,0,0,0,0,0,0,,,,,,2,0,0,0,0,,,,,,,,,,,,
51298,2025,두산,0,6,7,0,0,0,0,0,0,0,,,,,,7,0,0,0,0,,,,,,,,,,,,
68249,2025,두산,,54,,,55,15,3,3,,,,,,,,,,,,,2.85,0,0,2,4,0,5,0.333,264,1008,60,
55220,2025,두산,0.268,14,,20,33,,,1,,,22,3,17,,,,,,,,5.23,,,0,3,0,4,0,,,31,18
50205,2025,두산,0.396,14,,33,40,,,3,,,14,5,23,,,,,,,,12.09,,,0,3,2,2,0,,,22 1/3,30
65639,2025,두산,,29,,,31,3,1,1,,,,,,,,,,,,,4.1,0,0,1,0,0,3,1,119,418,26 1/3,
55252,2025,두산,0.284,91,282,34,80,11,2,4,19,10,,,,,,298,107,2,2,3,,,,,,,,,,,,
66928,2025,두산,0.225,41,111,9,25,8,0,1,10,3,,,,,,126,36,0,1,1,,,,,,,,,,,,
54213,2025,두산,0.367,8,,9,11,,,2,,,7,0,8,,,,,,,,10.29,,,1,1,0,1,0.5,,,7,8
50204,2025,두산,0.395,36,43,10,17,3,0,1,6,1,,,,,,50,23,0,1,0,,,,,,,,,,,,
67266,2025,두산,,72,,,58,15,0,4,,,,,,,,,,,,,3.82,0,0,4,4,2,15,0.5,268,1038,61 1/3,
54216,2025,두산,0.263,39,80,6,21,3,1,0,10,0,1,0,29,0.325,0.272,,,,,,,,,,,,,,,,,
52294,2025,두산,0.333,34,63,18,21,5,0,2,10,1,14,4,22,0.508,0.481,,,,,,,,,,,,,,,,,
51203,2025,두산,0.321,34,131,24,42,15,1,4,20,2,,,,,,142,71,1,1,0,,,,,,,,,,,,
64153,2025,두산,0.248,71,258,31,64,16,0,7,29,1,,,,,,290,101,0,0,3,,,,,,,,,,,,
76232,2025,두산,0.338,129,452,56,153,27,1,20,89,4,,,,,,515,242,2,0,6,,,,,,,,,,,,
55215,2025,두산,,19,,,19,4,0,3,,,,,,,,,,,,,4.24,0,0,0,0,1,0,-,93,380,23 1/3,
51200,2025,두산,0.269,44,104,17,28,3,2,4,22,3,7,4,38,0.452,0.339,,,,,,,,,,,,,,,,,
54205,2025,두산,0.105,19,19,6,2,0,0,0,2,0,,,,,,21,2,1,0,0,,,,,,,,,,,,
55218,2025,두산,0,2,,0,0,,,0,,,2,0,2,,,,,,,,0,,,0,0,0,0,-,,,1 1/3,0
50208,2025,두산,0.263,107,331,38,87,14,4,4,41,5,,,,,,371,121,3,7,3,,,,,,,,,,,,
52202,2025,두산,,10,,,16,6,0,2,,,,,,,,,,,,,6.75,0,0,0,1,0,1,0,73,287,17 1/3,
69205,2025,두산,,10,,,4,1,0,0,,,,,,,,,,,,,1.17,0,0,1,0,0,0,1,29,125,7 2/3,
52209,2025,두산,0.282,22,39,4,11,1,0,0,4,2,4,4,15,0.308,0.404,,,,,,,,,,,,,,,,,
52204,2025,두산,,22,,,11,1,0,1,,,,,,,,,,,,,6.23,0,0,0,0,0,4,-,56,216,13,
55224,2025,두산,0.182,10,11,0,2,1,0,0,0,0,,,,,,11,3,0,0,0,,,,,,,,,,,,
64805,2025,두산,0.394,13,,20,28,,,1,,,10,0,10,,,,,,,,7.04,,,2,1,0,2,0.667,,,15 1/3,12
66291,2025,두산,,72,,,63,10,0,4,,,,,,,,,,,,,4.09,0,0,4,4,0,13,0.5,298,1134,66,
67207,2025,두산,0.242,88,265,35,64,8,1,1,16,12,,,,,,307,77,2,6,1,,,,,,,,,,,,
50262,2025,두산,0.282,27,,64,86,,,12,,,42,8,69,,,,,,,,6.81,,,2,4,1,1,0.333,,,76 2/3,58
55991,2025,두산,0.338,28,74,13,25,10,1,0,15,5,13,4,16,0.5,0.452,,,,,,,,,,,,,,,,,
54236,2025,두산,0.277,33,83,7,23,4,0,2,11,1,,,,,,89,33,0,1,1,,,,,,,,,,,,
50244,2025,두산,0.27,18,37,4,10,4,0,1,8,0,4,0,12,0.459,0.333,,,,,,,,,,,,,,,,,
63202,2025,두산,0,4,2,0,0,0,0,0,0,0,,,,,,2,0,0,0,0,,,,,,,,,,,,
53267,2025,두산,0,2,,0,0,,,0,,,1,0,1,,,,,,,,0,,,0,0,0,1,-,,,1 2/3,0
55239,2025,두산,,29,,,145,25,4,8,,,,,,,,,,,,,2.83,0,0,10,8,0,0,0.556,718,2679,175,
54214,2025,두산,0.083,22,12,5,1,0,0,0,0,3,,,,,,12,1,0,0,0,,,,,,,,,,,,
79231,2025,두산,0.257,131,459,88,118,15,4,6,38,26,,,,,,542,159,13,7,4,,,,,,,,,,,,
64202,2025,,,,,,,,,,,,,,,,,,,,,,,,,,,,,,,,,
50211,2025,두산,,6,,,17,1,0,2,,,,,,,,,,,,,4.96,0,0,0,1,0,0,0,78,304,16 1/3,
66209,2025,두산,0.246,107,118,30,29,4,0,0,9,29,,,,,,139,33,7,7,0,,,,,,,,,,,,
50296,2025,두산,0.368,14,,48,75,,,9,,,21,4,35,,,,,,,,7.99,,,0,7,0,0,0,,,47 1/3,42
55217,2025,두산,0.279,28,86,14,24,6,0,1,10,1,13,2,24,0.384,0.382,,,,,,,,,,,,,,,,,
69093,2025,두산,0.241,27,58,12,14,3,0,1,8,2,8,1,11,0.345,0.343,,,,,,,,,,,,,,,,,
52208,2025,두산,0,3,3,0,0,0,0,0,0,0,,,,,,3,0,0,0,0,,,,,,,,,,,,
55268,2025,두산,,17,,,72,15,1,7,,,,,,,,,,,,,4.4,0,0,3,3,0,0,0.5,333,1342,77 2/3,
50298,2025,두산,0.271,20,,17,26,,,3,,,26,5,29,,,,,,,,4.91,,,2,1,0,5,0.667,,,25 2/3,14
51264,2025,두산,,23,,,121,20,4,8,,,,,,,,,,,,,4.41,0,0,5,7,0,0,0.417,507,1958,116 1/3,
51564,2025,두산,0.29,16,,13,20,,,2,,,16,0,13,,,,,,,,5.4,,,1,0,0,2,1,,,16 2/3,10
55219,2025,두산,0.173,20,52,5,9,3,1,0,10,0,8,0,20,0.269,0.274,,,,,,,,,,,,,,,,,
67263,2025,두산,,47,,,105,17,2,18,,,,,,,,,,,,,4.71,0,0,4,7,0,9,0.364,456,1852,107,
50206,2025,두산,,3,,,1,0,0,0,,,,,,,,,,,,,5.4,0,0,0,0,0,0,-,9,46,1 2/3,
53259,2025,두산,,9,,,18,5,0,4,,,,,,,,,,,,,8.44,0,0,1,2,0,0,0.333,74,305,16,
52206,2025,두산,,39,,,41,5,0,3,,,,,,,,,,,,,6.34,0,0,2,5,0,5,0.286,149,582,32 2/3,
68362,2025,두산,0.222,34,81,7,18,3,1,1,7,0,,,,,,87,26,0,2,0,,,,,,,,,,,,
55208,2025,두산,0.298,135,533,72,159,27,6,16,85,17,,,,,,588,246,1,0,8,,,,,,,,,,,,
55257,2025,두산,,27,,,140,26,3,9,,,,,,,,,,,,,4.65,0,0,7,12,0,0,0.368,629,2513,139 1/3,
55214,2025,두산,0.26,41,100,18,26,8,0,3,19,4,2,2,22,0.43,0.283,,,,,,,,,,,,,,,,,
61643,2025,두산,,20,,,18,1,0,2,,,,,,,,,,,,,6.19,0,0,2,1,0,0,0.667,83,341,16,
55267,2025,두산,,20,,,37,6,0,4,,,,,,,,,,,,,4.59,0,0,2,1,1,0,0.667,151,571,33 1/3,
66233,2025,두산,0.346,9,26,3,9,1,0,2,3,0,,,,,,27,16,0,0,0,,,,,,,,,,,,
55258,2025,두산,0.273,5,,1,3,,,0,,,4,1,4,,,,,,,,3,,,0,0,0,1,-,,,3,1
62925,2025,키움,0.182,6,11,1,2,0,0,0,1,0,,,,,,13,2,0,0,0,,,,,,,,,,,,
54344,2025,키움,0.217,14,23,4,5,1,0,0,2,0,,,,,,26,6,0,1,0,,,,,,,,,,,,
55371,2025,키움,0.1,22,20,1,2,0,0,0,1,0,,,,,,24,2,0,2,0,,,,,,,,,,,,
53312,2025,키움,0.245,104,318,24,78,20,2,3,25,2,,,,,,340,111,1,7,2,,,,,,,,,,,,
53164,2025,키움,,9,,,13,1,0,2,,,,,,,,,,,,,6.75,0,0,0,0,0,0,-,49,203,8,
66838,2025,키움,0.222,9,27,2,6,2,0,0,2,0,,,,,,29,8,0,0,0,,,,,,,,,,,,
53344,2025,키움,0.268,49,82,8,22,3,0,0,8,0,,,,,,91,25,0,0,1,,,,,,,,,,,,
52398,2025,고양,0.1,10,10,1,1,1,0,0,1,0,3,1,4,0.2,0.357,,,,,,,,,,,,,,,,,
50304,2025,키움,0.25,7,4,2,1,0,0,0,0,0,,,,,,6,1,0,0,0,,,,,,,,,,,,
55359,2025,키움,,4,,,14,5,0,2,,,,,,,,,,,,,20.25,0,0,0,0,0,0,-,34,123,5 1/3,
66018,2025,키움,,44,,,96,17,0,6,,,,,,,,,,,,,5.65,0,0,1,7,0,2,0.125,381,1391,78,
67828,2025,키움,,29,,,25,3,3,1,,,,,,,,,,,,,4.68,0,0,0,3,0,1,0,113,397,25,
51301,2025,,,,,,,,,,,,,,,,,,,,,,,,,,,,,,,,,
54368,2025,키움,,20,,,67,14,2,10,,,,,,,,,,,,,6.62,0,0,1,3,0,0,0.25,250,939,51 2/3,
65898,2025,키움,0.083,10,24,1,2,0,0,0,0,0,,,,,,31,2,0,1,0,,,,,,,,,,,,
54319,2025,키움,,19,,,113,18,2,16,,,,,,,,,,,,,6.14,0,0,0,12,0,0,0,422,1645,88,
69367,2025,,,,,,,,,,,,,,,,,,,,,,,,,,,,,,,,,
62332,2025,키움,0.208,62,120,12,25,5,0,0,5,1,,,,,,128,30,0,4,0,,,,,,,,,,,,
54302,2025,고양,0.396,11,,11,19,,,1,,,10,0,10,,,,,,,,8.74,,,0,0,0,1,-,,,11 1/3,11
54397,2025,고양,0.233,76,146,19,34,6,1,1,22,0,19,2,29,0.308,0.327,,,,,,,,,,,,,,,,,
64984,2025,키움,0.233,94,279,27,65,11,2,5,25,1,,,,,,304,95,1,2,3,,,,,,,,,,,,
55322,2025,키움,,13,,,63,13,2,5,,,,,,,,,,,,,3.23,0,0,4,4,0,0,0.5,320,1265,75 1/3,
55342,2025,키움,,8,,,54,12,0,5,,,,,,,,,,,,,4.47,0,0,3,3,0,0,0.5,197,764,46 1/3,
54304,2025,,,,,,,,,,,,,,,,,,,,,,,,,,,,,,,,,
53305,2025,고양,0.181,48,72,13,13,0,0,2,9,0,5,3,10,0.264,0.263,,,,,,,,,,,,,,,,,
52305,2025,키움,0.143,38,42,6,6,0,0,1,2,1,,,,,,45,9,0,0,0,,,,,,,,,,,,
54350,2025,고양,0.5,1,,2,1,,,1,,,2,0,0,,,,,,,,54,,,0,0,0,0,-,,,01월 03일,2
53301,2025,키움,,54,,,55,12,0,9,,,,,,,,,,,,,4.53,0,0,0,5,1,6,0,226,905,51 2/3,
55394,2025,키움,,16,,,24,6,0,1,,,,,,,,,,,,,7.43,0,0,0,1,1,0,0,116,450,23,
69328,2025,키움,,18,,,63,11,2,9,,,,,,,,,,,,,6.58,0,0,2,3,0,1,0.4,235,865,52,
50357,2025,키움,0.225,101,244,33,55,11,3,3,23,11,,,,,,279,81,1,2,2,,,,,,,,,,,,
69363,2025,고양,0.1,25,20,4,2,0,0,0,3,0,6,1,10,0.1,0.321,,,,,,,,,,,,,,,,,
54303,2025,고양,0.237,67,114,23,27,3,0,2,15,1,15,3,42,0.316,0.338,,,,,,,,,,,,,,,,,
52392,2025,고양,0.368,10,,11,14,,,2,,,9,1,5,,,,,,,,11.42,,,0,0,0,3,-,,,8 2/3,11
68305,2025,키움,0.263,12,19,2,5,2,0,0,4,0,,,,,,20,7,0,0,1,,,,,,,,,,,,
53309,2025,키움,0,6,7,0,0,0,0,0,0,0,,,,,,8,0,0,0,0,,,,,,,,,,,,
54363,2025,키움,,2,,,4,1,0,1,,,,,,,,,,,,,15,0,0,0,0,0,0,-,18,78,3,
55300,2025,키움,,4,,,5,2,0,0,,,,,,,,,,,,,11.25,0,0,0,0,0,0,-,22,84,4,
65357,2025,키움,0.316,143,570,102,180,37,4,25,89,25,,,,,,642,300,2,0,3,,,,,,,,,,,,
52391,2025,,,,,,,,,,,,,,,,,,,,,,,,,,,,,,,,,
54394,2025,키움,0.175,33,80,5,14,3,0,1,8,0,,,,,,86,20,1,0,1,,,,,,,,,,,,
55326,2025,키움,0.241,22,87,4,21,0,0,2,15,0,,,,,,93,27,0,0,1,,,,,,,,,,,,
54306,2025,고양,0.274,75,186,30,51,12,2,4,26,2,23,2,48,0.425,0.352,,,,,,,,,,,,,,,,,
68341,2025,,,,,,,,,,,,,,,,,,,,,,,,,,,,,,,,,
69045,2025,키움,,18,,,118,18,3,10,,,,,,,,,,,,,3.13,0,0,8,3,0,0,0.727,466,1703,115,
51305,2025,고양,0.26,53,77,17,20,2,1,0,13,1,16,3,13,0.312,0.402,,,,,,,,,,,,,,,,,
67365,2025,키움,,18,,,18,1,2,3,,,,,,,,,,,,,8.36,0,0,0,2,0,1,0,69,268,14,
55370,2025,키움,0.083,12,12,1,1,0,0,0,0,0,,,,,,14,1,0,0,0,,,,,,,,,,,,
55392,2025,키움,0.24,115,321,48,77,9,1,6,27,1,,,,,,356,106,0,3,1,,,,,,,,,,,,
55393,2025,키움,0.137,27,51,6,7,1,0,2,2,0,,,,,,59,14,0,1,0,,,,,,,,,,,,
55339,2025,키움,0.188,10,16,1,3,0,0,0,1,0,,,,,,18,3,0,0,1,,,,,,,,,,,,
53300,2025,고양,0.293,22,,30,39,,,3,,,29,3,14,,,,,,,,6.55,,,0,1,1,1,0,,,33,24
67116,2025,키움,,52,,,52,6,1,4,,,,,,,,,,,,,3.77,0,0,2,1,0,7,0.667,248,1016,57 1/3,
78756,2025,키움,0.238,98,143,15,34,8,0,1,19,0,,,,,,163,45,0,4,1,,,,,,,,,,,,
55383,2025,고양,0.363,20,,52,58,,,7,,,19,6,18,,,,,,,,9.88,,,1,6,1,1,0.143,,,37 1/3,41
54307,2025,키움,0.174,24,46,5,8,1,0,2,4,0,,,,,,53,15,0,0,0,,,,,,,,,,,,
76118,2025,키움,,61,,,68,8,2,5,,,,,,,,,,,,,6.13,0,0,2,4,5,11,0.333,248,931,54 1/3,
55348,2025,키움,,4,,,18,3,0,0,,,,,,,,,,,,,3.15,0,0,1,1,0,0,0.5,85,329,20,
52395,2025,키움,,36,,,40,9,3,3,,,,,,,,,,,,,5.7,0,0,1,1,0,8,0.5,156,611,36 1/3,
55396,2025,키움,,17,,,31,4,1,2,,,,,,,,,,,,,8.59,0,0,2,1,0,0,0.667,125,514,22,
50036,2025,키움,,29,,,29,5,0,3,,,,,,,,,,,,,6.57,0,0,0,3,0,2,0,119,492,24 2/3,
69366,2025,고양,0.29,18,31,2,9,1,0,0,4,0,5,0,8,0.323,0.389,,,,,,,,,,,,,,,,,
53302,2025,키움,0,1,2,0,0,0,0,0,0,0,,,,,,2,0,0,0,0,,,,,,,,,,,,
67603,2025,고양,0.143,4,,1,2,,,0,,,3,0,2,,,,,,,,0,,,0,0,0,0,-,,,4,0
65964,2025,고양,0.316,33,,36,43,,,2,,,19,5,18,,,,,,,,7.71,,,1,3,1,2,0.25,,,30 1/3,26
75566,2025,키움,0.143,5,7,1,1,0,0,0,0,0,,,,,,8,1,0,0,0,,,,,,,,,,,,
54305,2025,키움,0.5,2,2,0,1,0,0,0,0,0,,,,,,2,1,0,0,0,,,,,,,,,,,,
50354,2025,상무,0.319,16,,30,43,,,4,,,21,4,18,,,,,,,,7.44,,,3,2,0,2,0.6,,,32 2/3,27
50167,2025,키움,0.242,126,443,54,107,22,1,11,45,15,,,,,,510,164,1,3,0,,,,,,,,,,,,
51302,2025,키움,0.313,11,16,2,5,0,0,0,2,0,,,,,,17,5,0,0,0,,,,,,,,,,,,
55301,2025,키움,,31,,,37,7,1,6,,,,,,,,,,,,,8.61,0,0,1,4,0,3,0.2,118,469,23,
54301,2025,고양,0.312,29,,24,34,,,3,,,31,4,21,,,,,,,,5.28,,,0,2,2,1,0,,,29,17
78135,2025,키움,0.2,33,70,4,14,3,0,2,6,1,,,,,,82,23,0,2,0,,,,,,,,,,,,
64346,2025,키움,0.235,51,132,12,31,4,3,2,13,1,,,,,,139,47,0,1,1,,,,,,,,,,,,
64340,2025,키움,0.247,101,365,51,90,14,2,11,50,13,,,,,,413,141,6,1,3,,,,,,,,,,,,
55382,2025,키움,,4,,,10,2,1,0,,,,,,,,,,,,,24.55,0,0,0,0,0,0,-,28,108,3 2/3,
51359,2025,키움,0.143,10,14,1,2,0,0,0,2,1,,,,,,16,2,0,0,0,,,,,,,,,,,,
77927,2025,,,,,,,,,,,,,,,,,,,,,,,,,,,,,,,,,
54362,2025,키움,,21,,,33,8,0,2,,,,,,,,,,,,,8.85,0,0,2,2,0,1,0.5,114,400,20 1/3,
55397,2025,키움,0.231,77,182,20,42,5,0,0,10,4,,,,,,207,47,0,3,2,,,,,,,,,,,,
55385,2025,고양,0.32,29,,54,54,,,6,,,42,7,28,,,,,,,,10.23,,,4,5,0,2,0.444,,,44,50
55377,2025,키움,,4,,,9,2,0,0,,,,,,,,,,,,,16.88,0,0,0,1,0,0,0,22,84,2 2/3,
55313,2025,키움,,18,,,92,20,0,8,,,,,,,,,,,,,5.86,0,0,3,7,0,0,0.3,384,1496,81 1/3,
68848,2025,고양,0.303,31,,45,57,,,5,,,41,12,39,,,,,,,,7.71,,,3,1,0,1,0.75,,,49,42
69360,2025,키움,,50,,,84,18,1,12,,,,,,,,,,,,,5.75,0,0,5,5,8,7,0.5,349,1311,76 2/3,
69332,2025,키움,0.237,57,152,21,36,5,0,1,11,4,,,,,,170,44,0,0,1,,,,,,,,,,,,
52330,2025,키움,,42,,,35,1,0,7,,,,,,,,,,,,,2.45,0,0,2,2,16,5,0.5,179,713,44,
76267,2025,키움,0.275,120,459,45,126,31,1,12,74,0,,,,,,506,195,0,0,6,,,,,,,,,,,,
54444,2025,키움,0.253,86,320,33,81,15,1,7,42,1,,,,,,361,119,2,0,3,,,,,,,,,,,,
52366,2025,키움,0.212,40,156,17,33,2,0,6,20,0,,,,,,172,53,0,0,0,,,,,,,,,,,,
64350,2025,키움,,28,,,169,29,3,13,,,,,,,,,,,,,4.99,0,0,7,14,0,0,0.333,669,2506,153 1/3,
53096,2025,고양,0.333,5,,5,4,,,0,,,6,0,1,,,,,,,,15,,,0,0,0,0,-,,,3,5
